applicable_record_count,bootstrap_ci95_high,bootstrap_ci95_low,bootstrap_draws,cohort,effect_direction,loss_count,median_difference,method,metric,paired_mean_difference,row_type,significance_status,tie_count,win_count
10000,-0.0116,-0.0162,10000,natural,V8_12P5K_worse,138,0.0,V8 Full 12.5K minus Source,accepted,-0.0138,paired_comparison,SIGNIFICANT_V8_12P5K_worse,9862,0
10000,-0.19890302646242983,-0.20388054984831827,10000,natural,V8_12P5K_better,0,-0.18196724820882082,V8 Full 12.5K minus Source,weighted_bac_delta,-0.20140864992004492,paired_comparison,SIGNIFICANT_V8_12P5K_better,138,9862
10000,-0.09208181692863115,-0.09417470648164163,10000,natural,V8_12P5K_better,0,-0.09090909361839294,V8 Full 12.5K minus Source,bond_delta,-0.09312129611130804,paired_comparison,SIGNIFICANT_V8_12P5K_better,608,9392
5724,-0.007467096477137552,-0.008014086407087733,10000,natural,V8_12P5K_better,0,0.0,V8 Full 12.5K minus Source,angle_delta,-0.00774123231207745,paired_comparison,SIGNIFICANT_V8_12P5K_better,3100,2624
5724,-0.007467096477137552,-0.008014086407087733,10000,natural,V8_12P5K_better,0,0.0,V8 Full 12.5K minus Source,active_angle_delta,-0.00774123231207745,paired_comparison,SIGNIFICANT_V8_12P5K_better,3100,2624
20,2.030699761235155e-07,-4.130390946102125e-06,10000,natural,V8_12P5K_better,2,0.0,V8 Full 12.5K minus Source,clash_delta,-1.8957983229483944e-06,paired_comparison,NOT_SIGNIFICANT,10,8
3761,-0.05091327383261936,-0.05443680420154159,10000,natural,V8_12P5K_better,7,-0.0476190485060215,V8 Full 12.5K minus Source,ring_delta,-0.05266541102294417,paired_comparison,SIGNIFICANT_V8_12P5K_better,1235,2519
3456,0.0,0.0,10000,natural,tie,0,0.0,V8 Full 12.5K minus Source,chirality_preserved,0.0,paired_comparison,NOT_SIGNIFICANT,3456,0
10000,0.0035242532764474892,0.00342521165219674,10000,natural,V8_12P5K_worse,9862,0.00279452174436301,V8 Full 12.5K minus Source,mean_displacement,0.003474440205088467,paired_comparison,SIGNIFICANT_V8_12P5K_worse,138,0
10000,0.020664388070021522,0.01995454178148968,10000,natural,V8_12P5K_worse,9862,0.013704914133995771,V8 Full 12.5K minus Source,max_atom_displacement,0.020309386284917127,paired_comparison,SIGNIFICANT_V8_12P5K_worse,138,0
10000,0.0,0.0,10000,natural,tie,0,0.0,V8 Full 12.5K minus Source,solver_failure_count,0.0,paired_comparison,NOT_SIGNIFICANT,10000,0
10000,0.00018757014848524704,0.0001618388262251392,10000,natural,V8_12P5K_worse,6561,0.00013878941535949707,V8 Full 12.5K minus Source,rmsd,0.0001747146795503795,paired_comparison,SIGNIFICANT_V8_12P5K_worse,139,3300
10000,8.121553652413732e-08,-3.624453272006711e-07,10000,natural,V8_12P5K_better,3899,-2.875925702028326e-07,V8 Full 12.5K minus Source,target_loss,-1.4396729401404684e-07,paired_comparison,NOT_SIGNIFICANT,138,5963
5724,-0.011705101327742837,-0.01781970649895178,10000,active_angle,V8_12P5K_worse,84,0.0,V8 Full 12.5K minus Source,accepted,-0.014675052410901468,paired_comparison,SIGNIFICANT_V8_12P5K_worse,5640,0
5724,-0.20719398933744645,-0.21412540807190328,10000,active_angle,V8_12P5K_better,0,-0.1903622479749174,V8 Full 12.5K minus Source,weighted_bac_delta,-0.2106383273297166,paired_comparison,SIGNIFICANT_V8_12P5K_better,84,5640
5724,-0.08745508157007657,-0.09031133573121736,10000,active_angle,V8_12P5K_better,0,-0.08571428805589676,V8 Full 12.5K minus Source,bond_delta,-0.08888052188863575,paired_comparison,SIGNIFICANT_V8_12P5K_better,468,5256
5724,-0.007467096477137552,-0.008014086407087733,10000,active_angle,V8_12P5K_better,0,0.0,V8 Full 12.5K minus Source,angle_delta,-0.00774123231207745,paired_comparison,SIGNIFICANT_V8_12P5K_better,3100,2624
5724,-0.007467096477137552,-0.008014086407087733,10000,active_angle,V8_12P5K_better,0,0.0,V8 Full 12.5K minus Source,active_angle_delta,-0.00774123231207745,paired_comparison,SIGNIFICANT_V8_12P5K_better,3100,2624
17,4.0360819184570533e-07,-4.526328134221223e-06,10000,active_angle,V8_12P5K_better,2,0.0,V8 Full 12.5K minus Source,clash_delta,-1.9901842332568347e-06,paired_comparison,NOT_SIGNIFICANT,8,7
2502,-0.046186734521337196,-0.05047152785976663,10000,active_angle,V8_12P5K_better,7,-0.04545454680919647,V8 Full 12.5K minus Source,ring_delta,-0.04830708953706052,paired_comparison,SIGNIFICANT_V8_12P5K_better,979,1516
2241,0.0,0.0,10000,active_angle,tie,0,0.0,V8 Full 12.5K minus Source,chirality_preserved,0.0,paired_comparison,NOT_SIGNIFICANT,2241,0
5724,0.004334194711515241,0.0041884740211911645,10000,active_angle,V8_12P5K_worse,5640,0.0035507415886968374,V8 Full 12.5K minus Source,mean_displacement,0.004261183294785594,paired_comparison,SIGNIFICANT_V8_12P5K_worse,84,0
5724,0.027470903710081443,0.02645706050250885,10000,active_angle,V8_12P5K_worse,5640,0.021935071796178818,V8 Full 12.5K minus Source,max_atom_displacement,0.02696821915812642,paired_comparison,SIGNIFICANT_V8_12P5K_worse,84,0
5724,0.0,0.0,10000,active_angle,tie,0,0.0,V8 Full 12.5K minus Source,solver_failure_count,0.0,paired_comparison,NOT_SIGNIFICANT,5724,0
5724,0.00020861958447553525,0.0001684531689719782,10000,active_angle,V8_12P5K_worse,3750,0.00015106797218322754,V8 Full 12.5K minus Source,rmsd,0.0001884902636100786,paired_comparison,SIGNIFICANT_V8_12P5K_worse,85,1889
5724,8.466580529473867e-07,8.388035226825246e-08,10000,active_angle,V8_12P5K_worse,1904,-9.951451147571788e-07,V8 Full 12.5K minus Source,target_loss,4.5548469750752546e-07,paired_comparison,SIGNIFICANT_V8_12P5K_worse,84,3736
20,-0.3,-0.7,10000,active_clash,V8_12P5K_worse,10,-0.5,V8 Full 12.5K minus Source,accepted,-0.5,paired_comparison,SIGNIFICANT_V8_12P5K_worse,10,0
20,-0.055126667450697386,-0.15140959783570454,10000,active_clash,V8_12P5K_better,0,-0.05721916611219058,V8 Full 12.5K minus Source,weighted_bac_delta,-0.10195739253458669,paired_comparison,SIGNIFICANT_V8_12P5K_better,10,10
20,-0.013439873908646408,-0.047205271311104295,10000,active_clash,V8_12P5K_better,0,0.0,V8 Full 12.5K minus Source,bond_delta,-0.029110495932400227,paired_comparison,SIGNIFICANT_V8_12P5K_better,11,9
17,-0.0004943153985282954,-0.004650197343846016,10000,active_clash,V8_12P5K_better,0,0.0,V8 Full 12.5K minus Source,angle_delta,-0.0022914532900733106,paired_comparison,SIGNIFICANT_V8_12P5K_better,12,5
17,-0.0004943153985282954,-0.004650197343846016,10000,active_clash,V8_12P5K_better,0,0.0,V8 Full 12.5K minus Source,active_angle_delta,-0.0022914532900733106,paired_comparison,SIGNIFICANT_V8_12P5K_better,12,5
20,2.030699761235155e-07,-4.130390946102125e-06,10000,active_clash,V8_12P5K_better,2,0.0,V8 Full 12.5K minus Source,clash_delta,-1.8957983229483944e-06,paired_comparison,NOT_SIGNIFICANT,10,8
15,-0.003921568393707275,-0.0323427255731076,10000,active_clash,V8_12P5K_better,0,0.0,V8 Full 12.5K minus Source,ring_delta,-0.016570442045728367,paired_comparison,SIGNIFICANT_V8_12P5K_better,10,5
18,0.0,0.0,10000,active_clash,tie,0,0.0,V8 Full 12.5K minus Source,chirality_preserved,0.0,paired_comparison,NOT_SIGNIFICANT,18,0
20,0.009703998084878549,0.0030988233370590024,10000,active_clash,V8_12P5K_worse,10,0.0014933334896340966,V8 Full 12.5K minus Source,mean_displacement,0.006245718605350703,paired_comparison,SIGNIFICANT_V8_12P5K_worse,10,0
20,0.03161938187666237,0.011128830742090942,10000,active_clash,V8_12P5K_worse,10,0.009264174848794937,V8 Full 12.5K minus Source,max_atom_displacement,0.021210129372775555,paired_comparison,SIGNIFICANT_V8_12P5K_worse,10,0
20,0.0,0.0,10000,active_clash,tie,0,0.0,V8 Full 12.5K minus Source,solver_failure_count,0.0,paired_comparison,NOT_SIGNIFICANT,20,0
20,-0.00024895057082176226,-0.0023076771199703216,10000,active_clash,V8_12P5K_better,3,0.0,V8 Full 12.5K minus Source,rmsd,-0.001176077127456665,paired_comparison,SIGNIFICANT_V8_12P5K_better,10,7
20,3.458696861343924e-05,5.540395709999757e-06,10000,active_clash,V8_12P5K_worse,9,0.0,V8 Full 12.5K minus Source,target_loss,1.7595186885444037e-05,paired_comparison,SIGNIFICANT_V8_12P5K_worse,10,1
3761,-0.012230789683594789,-0.020207391651156606,10000,ring_risk,V8_12P5K_worse,61,0.0,V8 Full 12.5K minus Source,accepted,-0.0162190906673757,paired_comparison,SIGNIFICANT_V8_12P5K_worse,3700,0
3761,-0.2593412075407752,-0.2691688663333411,10000,ring_risk,V8_12P5K_better,0,-0.2504069022834301,V8 Full 12.5K minus Source,weighted_bac_delta,-0.26420051901935987,paired_comparison,SIGNIFICANT_V8_12P5K_better,61,3700
3761,-0.10069789254070428,-0.10432646797664862,10000,ring_risk,V8_12P5K_better,0,-0.10204081796109676,V8 Full 12.5K minus Source,bond_delta,-0.10248693830648878,paired_comparison,SIGNIFICANT_V8_12P5K_better,191,3570
2502,-0.006748803971931979,-0.0075758001371928905,10000,ring_risk,V8_12P5K_better,0,0.0,V8 Full 12.5K minus Source,angle_delta,-0.007156423454974695,paired_comparison,SIGNIFICANT_V8_12P5K_better,1422,1080
2502,-0.006748803971931979,-0.0075758001371928905,10000,ring_risk,V8_12P5K_better,0,0.0,V8 Full 12.5K minus Source,active_angle_delta,-0.007156423454974695,paired_comparison,SIGNIFICANT_V8_12P5K_better,1422,1080
15,4.3983406309659284e-07,-5.114244025511046e-06,10000,ring_risk,V8_12P5K_better,2,0.0,V8 Full 12.5K minus Source,clash_delta,-2.2555421310244126e-06,paired_comparison,NOT_SIGNIFICANT,6,7
3761,-0.05091327383261936,-0.05443680420154159,10000,ring_risk,V8_12P5K_better,7,-0.0476190485060215,V8 Full 12.5K minus Source,ring_delta,-0.05266541102294417,paired_comparison,SIGNIFICANT_V8_12P5K_better,1235,2519
1613,0.0,0.0,10000,ring_risk,tie,0,0.0,V8 Full 12.5K minus Source,chirality_preserved,0.0,paired_comparison,NOT_SIGNIFICANT,1613,0
3761,0.004550019210805734,0.004360878975126052,10000,ring_risk,V8_12P5K_worse,3700,0.003654504893347621,V8 Full 12.5K minus Source,mean_displacement,0.004454057611120437,paired_comparison,SIGNIFICANT_V8_12P5K_worse,61,0
3761,0.025838134170169575,0.024576621642135827,10000,ring_risk,V8_12P5K_worse,3700,0.01877998188138008,V8 Full 12.5K minus Source,max_atom_displacement,0.025200152409109923,paired_comparison,SIGNIFICANT_V8_12P5K_worse,61,0
3761,0.0,0.0,10000,ring_risk,tie,0,0.0,V8 Full 12.5K minus Source,solver_failure_count,0.0,paired_comparison,NOT_SIGNIFICANT,3761,0
3761,0.00023900815955571467,0.0001867673312452773,10000,ring_risk,V8_12P5K_worse,2487,0.00017154216766357422,V8 Full 12.5K minus Source,rmsd,0.00021244142287725527,paired_comparison,SIGNIFICANT_V8_12P5K_worse,61,1213
3761,5.800571580640919e-07,-3.507522615396124e-07,10000,ring_risk,V8_12P5K_worse,1334,-7.680350790906232e-07,V8 Full 12.5K minus Source,target_loss,1.213235476708914e-07,paired_comparison,NOT_SIGNIFICANT,61,2366
7366,-0.010996470268802606,-0.01629106706489275,10000,high_flexibility,V8_12P5K_worse,100,0.0,V8 Full 12.5K minus Source,accepted,-0.013575889220743959,paired_comparison,SIGNIFICANT_V8_12P5K_worse,7266,0
7366,-0.195935934851142,-0.20141430626562928,10000,high_flexibility,V8_12P5K_better,0,-0.18129062601474288,V8 Full 12.5K minus Source,weighted_bac_delta,-0.19863317570355962,paired_comparison,SIGNIFICANT_V8_12P5K_better,100,7266
7366,-0.09296724217546651,-0.0953048489848645,10000,high_flexibility,V8_12P5K_better,0,-0.09302325546741486,V8 Full 12.5K minus Source,bond_delta,-0.09411291391751848,paired_comparison,SIGNIFICANT_V8_12P5K_better,377,6989
4289,-0.007197775406553198,-0.007777752736447096,10000,high_flexibility,V8_12P5K_better,0,0.0,V8 Full 12.5K minus Source,angle_delta,-0.007485253619337157,paired_comparison,SIGNIFICANT_V8_12P5K_better,2251,2038
4289,-0.007197775406553198,-0.007777752736447096,10000,high_flexibility,V8_12P5K_better,0,0.0,V8 Full 12.5K minus Source,active_angle_delta,-0.007485253619337157,paired_comparison,SIGNIFICANT_V8_12P5K_better,2251,2038
20,2.030699761235155e-07,-4.130390946102125e-06,10000,high_flexibility,V8_12P5K_better,2,0.0,V8 Full 12.5K minus Source,clash_delta,-1.8957983229483944e-06,paired_comparison,NOT_SIGNIFICANT,10,8
2622,-0.05084938452347139,-0.05487215580489035,10000,high_flexibility,V8_12P5K_better,3,-0.0476190485060215,V8 Full 12.5K minus Source,ring_delta,-0.052855949038334196,paired_comparison,SIGNIFICANT_V8_12P5K_better,841,1778
2820,0.0,0.0,10000,high_flexibility,tie,0,0.0,V8 Full 12.5K minus Source,chirality_preserved,0.0,paired_comparison,NOT_SIGNIFICANT,2820,0
7366,0.003423732465175332,0.003319341785589503,10000,high_flexibility,V8_12P5K_worse,7266,0.0027720389189198613,V8 Full 12.5K minus Source,mean_displacement,0.003370926190363514,paired_comparison,SIGNIFICANT_V8_12P5K_worse,100,0
7366,0.020435076022307205,0.019627877018254213,10000,high_flexibility,V8_12P5K_worse,7266,0.013645509257912636,V8 Full 12.5K minus Source,max_atom_displacement,0.02002777543005276,paired_comparison,SIGNIFICANT_V8_12P5K_worse,100,0
7366,0.0,0.0,10000,high_flexibility,tie,0,0.0,V8 Full 12.5K minus Source,solver_failure_count,0.0,paired_comparison,NOT_SIGNIFICANT,7366,0
7366,0.00016430258936016835,0.00014045688275884035,10000,high_flexibility,V8_12P5K_worse,4855,0.00013720989227294922,V8 Full 12.5K minus Source,rmsd,0.00015251851328852188,paired_comparison,SIGNIFICANT_V8_12P5K_worse,101,2410
7366,1.400095219148597e-07,-3.1514797265941633e-07,10000,high_flexibility,V8_12P5K_better,2856,-2.8818922714890505e-07,V8 Full 12.5K minus Source,target_loss,-9.337057015028479e-08,paired_comparison,NOT_SIGNIFICANT,100,4410
4521,-0.013050210130502102,-0.0203494802034948,10000,low_error_minimal_movement,V8_12P5K_worse,75,0.0,V8 Full 12.5K minus Source,accepted,-0.0165892501658925,paired_comparison,SIGNIFICANT_V8_12P5K_worse,4446,0
4521,-0.1478280150057146,-0.15263035943863812,10000,low_error_minimal_movement,V8_12P5K_better,0,-0.14381419369260584,V8 Full 12.5K minus Source,weighted_bac_delta,-0.15020752541790003,paired_comparison,SIGNIFICANT_V8_12P5K_better,75,4446
4521,-0.0800801956355751,-0.082542767913,10000,low_error_minimal_movement,V8_12P5K_better,0,-0.0810810774564743,V8 Full 12.5K minus Source,bond_delta,-0.08130006046499748,paired_comparison,SIGNIFICANT_V8_12P5K_better,237,4284
1461,-0.006806841963063224,-0.007729732274784771,10000,low_error_minimal_movement,V8_12P5K_better,0,0.0,V8 Full 12.5K minus Source,angle_delta,-0.007264631649914015,paired_comparison,SIGNIFICANT_V8_12P5K_better,758,703
1461,-0.006806841963063224,-0.007729732274784771,10000,low_error_minimal_movement,V8_12P5K_better,0,0.0,V8 Full 12.5K minus Source,active_angle_delta,-0.007264631649914015,paired_comparison,SIGNIFICANT_V8_12P5K_better,758,703
5,1.674485974945128e-06,-4.963518586009741e-06,10000,low_error_minimal_movement,V8_12P5K_better,1,0.0,V8 Full 12.5K minus Source,clash_delta,-1.4505669241771102e-06,paired_comparison,NOT_SIGNIFICANT,2,2
1064,-0.04773287582451905,-0.05256203466731375,10000,low_error_minimal_movement,V8_12P5K_better,2,-0.0555555559694767,V8 Full 12.5K minus Source,ring_delta,-0.05015442957506424,paired_comparison,SIGNIFICANT_V8_12P5K_better,271,791
1377,0.0,0.0,10000,low_error_minimal_movement,tie,0,0.0,V8 Full 12.5K minus Source,chirality_preserved,0.0,paired_comparison,NOT_SIGNIFICANT,1377,0
4521,0.002243944965104863,0.0021618335198669626,10000,low_error_minimal_movement,V8_12P5K_worse,4446,0.001948020071722567,V8 Full 12.5K minus Source,mean_displacement,0.0022026728837587803,paired_comparison,SIGNIFICANT_V8_12P5K_worse,75,0
4521,0.011092786970228518,0.010440985552342907,10000,low_error_minimal_movement,V8_12P5K_worse,4446,0.00781041057780385,V8 Full 12.5K minus Source,max_atom_displacement,0.010769897052523607,paired_comparison,SIGNIFICANT_V8_12P5K_worse,75,0
4521,0.0,0.0,10000,low_error_minimal_movement,tie,0,0.0,V8 Full 12.5K minus Source,solver_failure_count,0.0,paired_comparison,NOT_SIGNIFICANT,4521,0
4521,0.00015918806345020542,0.00013505909304029282,10000,low_error_minimal_movement,V8_12P5K_worse,3067,0.00012958049774169922,V8 Full 12.5K minus Source,rmsd,0.00014715762555539885,paired_comparison,SIGNIFICANT_V8_12P5K_worse,75,1379
4521,1.846109841230807e-06,1.3695954725576148e-06,10000,low_error_minimal_movement,V8_12P5K_worse,2721,9.714665338833584e-08,V8 Full 12.5K minus Source,target_loss,1.6008289842161678e-06,paired_comparison,SIGNIFICANT_V8_12P5K_worse,75,1725
10000,-0.0012,-0.006,10000,natural,V8_12P5K_worse,90,0.0,V8 Full 12.5K minus D1,accepted,-0.0036,paired_comparison,SIGNIFICANT_V8_12P5K_worse,9856,54
10000,-0.18019208212760673,-0.18468937711772404,10000,natural,V8_12P5K_better,115,-0.1696694100901368,V8 Full 12.5K minus D1,weighted_bac_delta,-0.1824572719561501,paired_comparison,SIGNIFICANT_V8_12P5K_better,51,9834
10000,-0.08416654592087026,-0.08620105875811075,10000,natural,V8_12P5K_better,120,-0.08510638680309057,V8 Full 12.5K minus D1,bond_delta,-0.08518416192876176,paired_comparison,SIGNIFICANT_V8_12P5K_better,736,9144
5724,-0.0072815903829999504,-0.007828917500163443,10000,natural,V8_12P5K_better,27,0.0,V8 Full 12.5K minus D1,angle_delta,-0.007555595658502166,paired_comparison,SIGNIFICANT_V8_12P5K_better,3103,2594
5724,-0.0072815903829999504,-0.007828917500163443,10000,natural,V8_12P5K_better,27,0.0,V8 Full 12.5K minus D1,active_angle_delta,-0.007555595658502166,paired_comparison,SIGNIFICANT_V8_12P5K_better,3103,2594
20,8.127469766350257e-07,-3.353550814608752e-06,10000,natural,V8_12P5K_better,5,0.0,V8 Full 12.5K minus D1,clash_delta,-1.159274552264833e-06,paired_comparison,NOT_SIGNIFICANT,7,8
3761,-0.04901812280545829,-0.05249471283773824,10000,natural,V8_12P5K_better,37,-0.0476190485060215,V8 Full 12.5K minus D1,ring_delta,-0.050759805472380966,paired_comparison,SIGNIFICANT_V8_12P5K_better,1251,2473
3456,0.0,0.0,10000,natural,tie,0,0.0,V8 Full 12.5K minus D1,chirality_preserved,0.0,paired_comparison,NOT_SIGNIFICANT,3456,0
10000,0.0032777986665503884,0.0031865645547130466,10000,natural,V8_12P5K_worse,9862,0.002622290508952574,V8 Full 12.5K minus D1,mean_displacement,0.003231901497860372,paired_comparison,SIGNIFICANT_V8_12P5K_worse,48,90
10000,0.01984068312024831,0.019150048977272245,10000,natural,V8_12P5K_worse,9860,0.012991340441658394,V8 Full 12.5K minus D1,max_atom_displacement,0.0194914152876765,paired_comparison,SIGNIFICANT_V8_12P5K_worse,48,92
10000,0.0,0.0,10000,natural,tie,0,0.0,V8 Full 12.5K minus D1,solver_failure_count,0.0,paired_comparison,NOT_SIGNIFICANT,10000,0
10000,0.0001780750073026866,0.00015256474495632574,10000,natural,V8_12P5K_worse,6459,0.0001252889633178711,V8 Full 12.5K minus D1,rmsd,0.00016535367416217923,paired_comparison,SIGNIFICANT_V8_12P5K_worse,51,3490
10000,2.7425778009014915e-07,-1.6764580259004864e-07,10000,natural,V8_12P5K_worse,4251,-1.953276012045535e-07,V8 Full 12.5K minus D1,target_loss,4.913771499152411e-08,paired_comparison,NOT_SIGNIFICANT,48,5701
5724,-0.002795248078266946,-0.01013277428371768,10000,active_angle,V8_12P5K_worse,78,0.0,V8 Full 12.5K minus D1,accepted,-0.006464011180992313,paired_comparison,SIGNIFICANT_V8_12P5K_worse,5605,41
5724,-0.1859640018644147,-0.19219575632299843,10000,active_angle,V8_12P5K_better,102,-0.17670569467009045,V8 Full 12.5K minus D1,weighted_bac_delta,-0.18904559938507198,paired_comparison,SIGNIFICANT_V8_12P5K_better,6,5616
5724,-0.07834274410913653,-0.08113941655229959,10000,active_angle,V8_12P5K_better,104,-0.07999999821186066,V8 Full 12.5K minus D1,bond_delta,-0.07973426444196305,paired_comparison,SIGNIFICANT_V8_12P5K_better,561,5059
5724,-0.0072815903829999504,-0.007828917500163443,10000,active_angle,V8_12P5K_better,27,0.0,V8 Full 12.5K minus D1,angle_delta,-0.007555595658502166,paired_comparison,SIGNIFICANT_V8_12P5K_better,3103,2594
5724,-0.0072815903829999504,-0.007828917500163443,10000,active_angle,V8_12P5K_better,27,0.0,V8 Full 12.5K minus D1,active_angle_delta,-0.007555595658502166,paired_comparison,SIGNIFICANT_V8_12P5K_better,3103,2594
17,1.1818674505882556e-06,-3.612584269189135e-06,10000,active_angle,V8_12P5K_better,5,0.0,V8 Full 12.5K minus D1,clash_delta,-1.1236856795114683e-06,paired_comparison,NOT_SIGNIFICANT,5,7
2502,-0.043836859751568674,-0.04809778642546248,10000,active_angle,V8_12P5K_better,35,-0.04545454680919647,V8 Full 12.5K minus D1,ring_delta,-0.04597529277598544,paired_comparison,SIGNIFICANT_V8_12P5K_better,989,1478
2241,0.0,0.0,10000,active_angle,tie,0,0.0,V8 Full 12.5K minus D1,chirality_preserved,0.0,paired_comparison,NOT_SIGNIFICANT,2241,0
5724,0.004046799856935436,0.003911177675331867,10000,active_angle,V8_12P5K_worse,5640,0.0033229892542294692,V8 Full 12.5K minus D1,mean_displacement,0.003979188801106831,paired_comparison,SIGNIFICANT_V8_12P5K_worse,6,78
5724,0.02649977386389731,0.025499923100614753,10000,active_angle,V8_12P5K_worse,5639,0.02104905868327478,V8 Full 12.5K minus D1,max_atom_displacement,0.026000830075628194,paired_comparison,SIGNIFICANT_V8_12P5K_worse,6,79
5724,0.0,0.0,10000,active_angle,tie,0,0.0,V8 Full 12.5K minus D1,solver_failure_count,0.0,paired_comparison,NOT_SIGNIFICANT,5724,0
5724,0.0002023009228047275,0.00016212991184905135,10000,active_angle,V8_12P5K_worse,3698,0.0001366138458251953,V8 Full 12.5K minus D1,rmsd,0.00018213412354769904,paired_comparison,SIGNIFICANT_V8_12P5K_worse,7,2019
5724,1.056281551034961e-06,2.941090827666153e-07,10000,active_angle,V8_12P5K_worse,2047,-8.561491995351389e-07,V8 Full 12.5K minus D1,target_loss,6.66149389151457e-07,paired_comparison,SIGNIFICANT_V8_12P5K_worse,6,3671
20,0.25,-0.25,10000,active_clash,tie,3,0.0,V8 Full 12.5K minus D1,accepted,0.0,paired_comparison,NOT_SIGNIFICANT,14,3
20,-0.00042658297095728165,-0.09948560663617059,10000,active_clash,V8_12P5K_better,5,0.0,V8 Full 12.5K minus D1,weighted_bac_delta,-0.048468360671768095,paired_comparison,SIGNIFICANT_V8_12P5K_better,7,8
20,0.015448738541454074,-0.024316295526223254,10000,active_clash,V8_12P5K_better,6,0.0,V8 Full 12.5K minus D1,bond_delta,-0.003813577489927411,paired_comparison,NOT_SIGNIFICANT,10,4
17,0.003738781007225898,-0.0032336656004190445,10000,active_clash,V8_12P5K_worse,3,0.0,V8 Full 12.5K minus D1,angle_delta,7.33861918835079e-05,paired_comparison,NOT_SIGNIFICANT,11,3
17,0.003738781007225898,-0.0032336656004190445,10000,active_clash,V8_12P5K_worse,3,0.0,V8 Full 12.5K minus D1,active_angle_delta,7.33861918835079e-05,paired_comparison,NOT_SIGNIFICANT,11,3
20,8.127469766350257e-07,-3.353550814608752e-06,10000,active_clash,V8_12P5K_better,5,0.0,V8 Full 12.5K minus D1,clash_delta,-1.159274552264833e-06,paired_comparison,NOT_SIGNIFICANT,7,8
15,0.014547930161158244,-0.026374772020305196,10000,active_clash,V8_12P5K_better,3,0.0,V8 Full 12.5K minus D1,ring_delta,-0.005931371574600538,paired_comparison,NOT_SIGNIFICANT,8,4
18,0.0,0.0,10000,active_clash,tie,0,0.0,V8 Full 12.5K minus D1,chirality_preserved,0.0,paired_comparison,NOT_SIGNIFICANT,18,0
20,0.007037790793256135,0.0009834094885445665,10000,active_clash,V8_12P5K_worse,10,0.00036196038126945496,V8 Full 12.5K minus D1,mean_displacement,0.0038462522148620336,paired_comparison,SIGNIFICANT_V8_12P5K_worse,7,3
20,0.021722392268129623,0.003313168174645398,10000,active_clash,V8_12P5K_worse,9,0.0,V8 Full 12.5K minus D1,max_atom_displacement,0.012239045649766921,paired_comparison,SIGNIFICANT_V8_12P5K_worse,7,4
20,0.0,0.0,10000,active_clash,tie,0,0.0,V8 Full 12.5K minus D1,solver_failure_count,0.0,paired_comparison,NOT_SIGNIFICANT,20,0
20,0.0001557369530200958,-0.0014262884855270384,10000,active_clash,V8_12P5K_better,6,0.0,V8 Full 12.5K minus D1,rmsd,-0.0005672574043273926,paired_comparison,NOT_SIGNIFICANT,7,7
20,3.079010848686892e-05,1.4349029615345899e-06,10000,active_clash,V8_12P5K_worse,10,1.352784693153808e-07,V8 Full 12.5K minus D1,target_loss,1.3495942446439813e-05,paired_comparison,SIGNIFICANT_V8_12P5K_worse,7,3
3761,-0.0034565275192767883,-0.01302844988035097,10000,ring_risk,V8_12P5K_worse,57,0.0,V8 Full 12.5K minus D1,accepted,-0.00824248869981388,paired_comparison,SIGNIFICANT_V8_12P5K_worse,3678,26
3761,-0.2294388070947693,-0.2384267459312478,10000,ring_risk,V8_12P5K_better,77,-0.22816926400264492,V8 Full 12.5K minus D1,weighted_bac_delta,-0.2338988704891545,paired_comparison,SIGNIFICANT_V8_12P5K_better,4,3680
3761,-0.08732202413542173,-0.09098842079429031,10000,ring_risk,V8_12P5K_better,103,-0.09302325546741486,V8 Full 12.5K minus D1,bond_delta,-0.08916646618608012,paired_comparison,SIGNIFICANT_V8_12P5K_better,258,3400
2502,-0.006442103372620818,-0.007269335456462734,10000,ring_risk,V8_12P5K_better,23,0.0,V8 Full 12.5K minus D1,angle_delta,-0.006852504320637725,paired_comparison,SIGNIFICANT_V8_12P5K_better,1420,1059
2502,-0.006442103372620818,-0.007269335456462734,10000,ring_risk,V8_12P5K_better,23,0.0,V8 Full 12.5K minus D1,active_angle_delta,-0.006852504320637725,paired_comparison,SIGNIFICANT_V8_12P5K_better,1420,1059
15,1.3325719889204868e-06,-4.095331717811254e-06,10000,ring_risk,V8_12P5K_better,5,0.0,V8 Full 12.5K minus D1,clash_delta,-1.2735104367796643e-06,paired_comparison,NOT_SIGNIFICANT,3,7
3761,-0.04901812280545829,-0.05249471283773824,10000,ring_risk,V8_12P5K_better,37,-0.0476190485060215,V8 Full 12.5K minus D1,ring_delta,-0.050759805472380966,paired_comparison,SIGNIFICANT_V8_12P5K_better,1251,2473
1613,0.0,0.0,10000,ring_risk,tie,0,0.0,V8 Full 12.5K minus D1,chirality_preserved,0.0,paired_comparison,NOT_SIGNIFICANT,1613,0
3761,0.004134142676577503,0.003961772321705193,10000,ring_risk,V8_12P5K_worse,3700,0.0033421240077586845,V8 Full 12.5K minus D1,mean_displacement,0.004046570555347371,paired_comparison,SIGNIFICANT_V8_12P5K_worse,4,57
3761,0.024363333994341336,0.023142685300760517,10000,ring_risk,V8_12P5K_worse,3698,0.01750967255793512,V8 Full 12.5K minus D1,max_atom_displacement,0.02374839208293757,paired_comparison,SIGNIFICANT_V8_12P5K_worse,4,59
3761,0.0,0.0,10000,ring_risk,tie,0,0.0,V8 Full 12.5K minus D1,solver_failure_count,0.0,paired_comparison,NOT_SIGNIFICANT,3761,0
3761,0.00023251699792095883,0.00018087633922834784,10000,ring_risk,V8_12P5K_worse,2464,0.00015628337860107422,V8 Full 12.5K minus D1,rmsd,0.0002060083799188963,paired_comparison,SIGNIFICANT_V8_12P5K_worse,6,1291
3761,8.869867189732627e-07,-3.020595663574167e-08,10000,ring_risk,V8_12P5K_worse,1477,-5.755159691034351e-07,V8 Full 12.5K minus D1,target_loss,4.333720835383461e-07,paired_comparison,NOT_SIGNIFICANT,4,2280
7366,-0.0027151778441487917,-0.008009774640238936,10000,high_flexibility,V8_12P5K_worse,69,0.0,V8 Full 12.5K minus D1,accepted,-0.005294596796090144,paired_comparison,SIGNIFICANT_V8_12P5K_worse,7267,30
7366,-0.18030511899943588,-0.185317586373062,10000,high_flexibility,V8_12P5K_better,82,-0.17072882503271103,V8 Full 12.5K minus D1,weighted_bac_delta,-0.1827723419998914,paired_comparison,SIGNIFICANT_V8_12P5K_better,32,7252
7366,-0.0862687638724313,-0.08854724730894363,10000,high_flexibility,V8_12P5K_better,67,-0.0882352963089943,V8 Full 12.5K minus D1,bond_delta,-0.08739524885585738,paired_comparison,SIGNIFICANT_V8_12P5K_better,448,6851
4289,-0.007043059395034367,-0.007620715396891342,10000,high_flexibility,V8_12P5K_better,21,0.0,V8 Full 12.5K minus D1,angle_delta,-0.007330485710044282,paired_comparison,SIGNIFICANT_V8_12P5K_better,2249,2019
4289,-0.007043059395034367,-0.007620715396891342,10000,high_flexibility,V8_12P5K_better,21,0.0,V8 Full 12.5K minus D1,active_angle_delta,-0.007330485710044282,paired_comparison,SIGNIFICANT_V8_12P5K_better,2249,2019
20,8.127469766350257e-07,-3.353550814608752e-06,10000,high_flexibility,V8_12P5K_better,5,0.0,V8 Full 12.5K minus D1,clash_delta,-1.159274552264833e-06,paired_comparison,NOT_SIGNIFICANT,7,8
2622,-0.049004349474650245,-0.053003399049320485,10000,high_flexibility,V8_12P5K_better,24,-0.0476190485060215,V8 Full 12.5K minus D1,ring_delta,-0.051000056418211606,paired_comparison,SIGNIFICANT_V8_12P5K_better,849,1749
2820,0.0,0.0,10000,high_flexibility,tie,0,0.0,V8 Full 12.5K minus D1,chirality_preserved,0.0,paired_comparison,NOT_SIGNIFICANT,2820,0
7366,0.0032174753904210232,0.0031196254734719006,10000,high_flexibility,V8_12P5K_worse,7266,0.0026336131068092072,V8 Full 12.5K minus D1,mean_displacement,0.0031681897413537883,paired_comparison,SIGNIFICANT_V8_12P5K_worse,31,69
7366,0.01973543618349634,0.018947906614559064,10000,high_flexibility,V8_12P5K_worse,7265,0.01304290934058372,V8 Full 12.5K minus D1,max_atom_displacement,0.019340476199699266,paired_comparison,SIGNIFICANT_V8_12P5K_worse,31,70
7366,0.0,0.0,10000,high_flexibility,tie,0,0.0,V8 Full 12.5K minus D1,solver_failure_count,0.0,paired_comparison,NOT_SIGNIFICANT,7366,0
7366,0.00015345550973035096,0.0001298469888120222,10000,high_flexibility,V8_12P5K_worse,4770,0.00012314319610595703,V8 Full 12.5K minus D1,rmsd,0.00014169573325672908,paired_comparison,SIGNIFICANT_V8_12P5K_worse,34,2562
7366,3.0599105925267615e-07,-1.4469163190907464e-07,10000,high_flexibility,V8_12P5K_worse,3102,-2.1102130176586797e-07,V8 Full 12.5K minus D1,target_loss,7.442726426339732e-08,paired_comparison,NOT_SIGNIFICANT,31,4233
4521,0.0013271400132714001,-0.0053085600530856005,10000,low_error_minimal_movement,V8_12P5K_worse,33,0.0,V8 Full 12.5K minus D1,accepted,-0.0019907100199071004,paired_comparison,NOT_SIGNIFICANT,4464,24
4521,-0.13882215895397249,-0.1432925872402833,10000,low_error_minimal_movement,V8_12P5K_better,38,-0.13718710653483868,V8 Full 12.5K minus D1,weighted_bac_delta,-0.14104400754166913,paired_comparison,SIGNIFICANT_V8_12P5K_better,45,4438
4521,-0.07632194808860933,-0.07875634798322456,10000,low_error_minimal_movement,V8_12P5K_better,23,-0.07692307978868484,V8 Full 12.5K minus D1,bond_delta,-0.07753174160923368,paired_comparison,SIGNIFICANT_V8_12P5K_better,249,4249
1461,-0.006691341899508454,-0.007603773228850593,10000,low_error_minimal_movement,V8_12P5K_better,2,0.0,V8 Full 12.5K minus D1,angle_delta,-0.007148481997253958,paired_comparison,SIGNIFICANT_V8_12P5K_better,764,695
1461,-0.006691341899508454,-0.007603773228850593,10000,low_error_minimal_movement,V8_12P5K_better,2,0.0,V8 Full 12.5K minus D1,active_angle_delta,-0.007148481997253958,paired_comparison,SIGNIFICANT_V8_12P5K_better,764,695
5,3.22246050927788e-06,-3.948807716369629e-06,10000,low_error_minimal_movement,V8_12P5K_better,2,0.0,V8 Full 12.5K minus D1,clash_delta,-3.929890226572752e-08,paired_comparison,NOT_SIGNIFICANT,1,2
1064,-0.0468976785710232,-0.051700826854571086,10000,low_error_minimal_movement,V8_12P5K_better,4,-0.05000000074505806,V8 Full 12.5K minus D1,ring_delta,-0.04930219933201552,paired_comparison,SIGNIFICANT_V8_12P5K_better,278,782
1377,0.0,0.0,10000,low_error_minimal_movement,tie,0,0.0,V8 Full 12.5K minus D1,chirality_preserved,0.0,paired_comparison,NOT_SIGNIFICANT,1377,0
4521,0.0021186473429570174,0.0020401445117735908,10000,low_error_minimal_movement,V8_12P5K_worse,4446,0.0018411012861179188,V8 Full 12.5K minus D1,mean_displacement,0.0020791168387734992,paired_comparison,SIGNIFICANT_V8_12P5K_worse,42,33
4521,0.01070147069186633,0.010060959511417125,10000,low_error_minimal_movement,V8_12P5K_worse,4446,0.007442307338351384,V8 Full 12.5K minus D1,max_atom_displacement,0.010384106283361292,paired_comparison,SIGNIFICANT_V8_12P5K_worse,42,33
4521,0.0,0.0,10000,low_error_minimal_movement,tie,0,0.0,V8 Full 12.5K minus D1,solver_failure_count,0.0,paired_comparison,NOT_SIGNIFICANT,4521,0
4521,0.00014458485897337933,0.00012074991812638227,10000,low_error_minimal_movement,V8_12P5K_worse,2992,0.00011473894119262695,V8 Full 12.5K minus D1,rmsd,0.00013254234104610285,paired_comparison,SIGNIFICANT_V8_12P5K_worse,45,1484
4521,1.881604204695239e-06,1.4079497979595947e-06,10000,low_error_minimal_movement,V8_12P5K_worse,2910,1.3254555142339086e-07,V8 Full 12.5K minus D1,target_loss,1.638066798804215e-06,paired_comparison,SIGNIFICANT_V8_12P5K_worse,42,1569
10000,-0.0055,-0.0098,10000,natural,V8_12P5K_worse,97,0.0,V8 Full 12.5K minus V5-B,accepted,-0.0076,paired_comparison,SIGNIFICANT_V8_12P5K_worse,9882,21
10000,-0.17362829980551336,-0.17780316781515235,10000,natural,V8_12P5K_better,135,-0.16589874774217606,V8 Full 12.5K minus V5-B,weighted_bac_delta,-0.17572257708193628,paired_comparison,SIGNIFICANT_V8_12P5K_better,44,9821
10000,-0.08453757506775203,-0.08656235477086854,10000,natural,V8_12P5K_better,108,-0.08571428805589676,V8 Full 12.5K minus V5-B,bond_delta,-0.08554851177856326,paired_comparison,SIGNIFICANT_V8_12P5K_better,731,9161
5724,-0.007307004306844815,-0.007857309097271939,10000,natural,V8_12P5K_better,20,0.0,V8 Full 12.5K minus V5-B,angle_delta,-0.007583613040323996,paired_comparison,SIGNIFICANT_V8_12P5K_better,3110,2594
5724,-0.007307004306844815,-0.007857309097271939,10000,natural,V8_12P5K_better,20,0.0,V8 Full 12.5K minus V5-B,active_angle_delta,-0.007583613040323996,paired_comparison,SIGNIFICANT_V8_12P5K_better,3110,2594
20,7.20984234021671e-06,-3.9991593496324636e-07,10000,natural,V8_12P5K_worse,16,1.0253825166728348e-06,V8 Full 12.5K minus V5-B,clash_delta,3.150202314827766e-06,paired_comparison,NOT_SIGNIFICANT,0,4
3761,-0.049125461423535834,-0.052593975326262275,10000,natural,V8_12P5K_better,25,-0.0476190485060215,V8 Full 12.5K minus V5-B,ring_delta,-0.05085228985619732,paired_comparison,SIGNIFICANT_V8_12P5K_better,1257,2479
3456,0.0,0.0,10000,natural,tie,0,0.0,V8 Full 12.5K minus V5-B,chirality_preserved,0.0,paired_comparison,NOT_SIGNIFICANT,3456,0
10000,0.0031730514256046102,0.0030870085551487907,10000,natural,V8_12P5K_worse,9858,0.0025614809710532427,V8 Full 12.5K minus V5-B,mean_displacement,0.0031297869024903774,paired_comparison,SIGNIFICANT_V8_12P5K_worse,41,101
10000,0.018981583752268296,0.018316915496012682,10000,natural,V8_12P5K_worse,9853,0.01232731189520564,V8 Full 12.5K minus V5-B,max_atom_displacement,0.018648387510384418,paired_comparison,SIGNIFICANT_V8_12P5K_worse,41,106
10000,0.0,0.0,10000,natural,tie,0,0.0,V8 Full 12.5K minus V5-B,solver_failure_count,0.0,paired_comparison,NOT_SIGNIFICANT,10000,0
10000,0.00017208952256012709,0.00014805272999219598,10000,natural,V8_12P5K_worse,6453,0.00012290477752685547,V8 Full 12.5K minus V5-B,rmsd,0.0001602134889923036,paired_comparison,SIGNIFICANT_V8_12P5K_worse,44,3503
10000,8.274875360447979e-07,4.027667610200328e-07,10000,natural,V8_12P5K_worse,4592,-8.777399784776208e-08,V8 Full 12.5K minus V5-B,target_loss,6.113148549702255e-07,paired_comparison,SIGNIFICANT_V8_12P5K_worse,41,5367
5724,-0.007686932215234102,-0.014500349406009784,10000,active_angle,V8_12P5K_worse,83,0.0,V8 Full 12.5K minus V5-B,accepted,-0.0110062893081761,paired_comparison,SIGNIFICANT_V8_12P5K_worse,5621,20
5724,-0.17882079099595644,-0.18472851236928664,10000,active_angle,V8_12P5K_better,115,-0.17231457593879895,V8 Full 12.5K minus V5-B,weighted_bac_delta,-0.18175990105751033,paired_comparison,SIGNIFICANT_V8_12P5K_better,1,5608
5724,-0.07892543279717104,-0.08171819154057046,10000,active_angle,V8_12P5K_better,92,-0.07999999821186066,V8 Full 12.5K minus V5-B,bond_delta,-0.08031583246159947,paired_comparison,SIGNIFICANT_V8_12P5K_better,558,5074
5724,-0.007307004306844815,-0.007857309097271939,10000,active_angle,V8_12P5K_better,20,0.0,V8 Full 12.5K minus V5-B,angle_delta,-0.007583613040323996,paired_comparison,SIGNIFICANT_V8_12P5K_better,3110,2594
5724,-0.007307004306844815,-0.007857309097271939,10000,active_angle,V8_12P5K_better,20,0.0,V8 Full 12.5K minus V5-B,active_angle_delta,-0.007583613040323996,paired_comparison,SIGNIFICANT_V8_12P5K_better,3110,2594
17,8.396365707513349e-06,-6.442475329790527e-07,10000,active_angle,V8_12P5K_worse,14,1.007181708700955e-06,V8 Full 12.5K minus V5-B,clash_delta,3.495210475033245e-06,paired_comparison,NOT_SIGNIFICANT,0,3
2502,-0.044004178019914235,-0.04826304122389069,10000,active_angle,V8_12P5K_better,23,-0.04545454680919647,V8 Full 12.5K minus V5-B,ring_delta,-0.04613651952249922,paired_comparison,SIGNIFICANT_V8_12P5K_better,995,1484
2241,0.0,0.0,10000,active_angle,tie,0,0.0,V8 Full 12.5K minus V5-B,chirality_preserved,0.0,paired_comparison,NOT_SIGNIFICANT,2241,0
5724,0.003910019674695004,0.0037806203127162133,10000,active_angle,V8_12P5K_worse,5637,0.0032227629344561137,V8 Full 12.5K minus V5-B,mean_displacement,0.003845089022614468,paired_comparison,SIGNIFICANT_V8_12P5K_worse,1,86
5724,0.02539636908751293,0.024422833022529095,10000,active_angle,V8_12P5K_worse,5631,0.02000629183021374,V8 Full 12.5K minus V5-B,max_atom_displacement,0.02491382606172344,paired_comparison,SIGNIFICANT_V8_12P5K_worse,1,92
5724,0.0,0.0,10000,active_angle,tie,0,0.0,V8 Full 12.5K minus V5-B,solver_failure_count,0.0,paired_comparison,NOT_SIGNIFICANT,5724,0
5724,0.0001947425159205605,0.00015668966787900438,10000,active_angle,V8_12P5K_worse,3697,0.00013488531112670898,V8 Full 12.5K minus V5-B,rmsd,0.00017559955158198654,paired_comparison,SIGNIFICANT_V8_12P5K_worse,2,2025
5724,1.767983159113774e-06,1.0274241394230768e-06,10000,active_angle,V8_12P5K_worse,2207,-5.906462092752918e-07,V8 Full 12.5K minus V5-B,target_loss,1.3912312572069735e-06,paired_comparison,SIGNIFICANT_V8_12P5K_worse,1,3516
20,-0.2,-0.7,10000,active_clash,V8_12P5K_worse,10,-0.5,V8 Full 12.5K minus V5-B,accepted,-0.45,paired_comparison,SIGNIFICANT_V8_12P5K_worse,9,1
20,-0.002463763226873577,-0.09359559796793235,10000,active_clash,V8_12P5K_better,11,0.007166683830291731,V8 Full 12.5K minus V5-B,weighted_bac_delta,-0.04634725171229093,paired_comparison,SIGNIFICANT_V8_12P5K_better,0,9
20,0.009841700494289394,-0.02330264069372788,10000,active_clash,V8_12P5K_better,7,0.0,V8 Full 12.5K minus V5-B,bond_delta,-0.005472836550325155,paired_comparison,NOT_SIGNIFICANT,8,5
17,0.00246875845991513,-0.0034787283991189566,10000,active_clash,V8_12P5K_better,2,0.0,V8 Full 12.5K minus V5-B,angle_delta,-0.0005071886869914391,paired_comparison,NOT_SIGNIFICANT,12,3
17,0.00246875845991513,-0.0034787283991189566,10000,active_clash,V8_12P5K_better,2,0.0,V8 Full 12.5K minus V5-B,active_angle_delta,-0.0005071886869914391,paired_comparison,NOT_SIGNIFICANT,12,3
20,7.20984234021671e-06,-3.9991593496324636e-07,10000,active_clash,V8_12P5K_worse,16,1.0253825166728348e-06,V8 Full 12.5K minus V5-B,clash_delta,3.150202314827766e-06,paired_comparison,NOT_SIGNIFICANT,0,4
15,0.001543209950129191,-0.030000001192092896,10000,active_clash,V8_12P5K_better,1,0.0,V8 Full 12.5K minus V5-B,ring_delta,-0.012794116760293643,paired_comparison,NOT_SIGNIFICANT,10,4
18,0.0,0.0,10000,active_clash,tie,0,0.0,V8 Full 12.5K minus V5-B,chirality_preserved,0.0,paired_comparison,NOT_SIGNIFICANT,18,0
20,0.006947316133728235,0.001134563905397954,10000,active_clash,V8_12P5K_worse,9,-0.00015122957483981736,V8 Full 12.5K minus V5-B,mean_displacement,0.003797687708356534,paired_comparison,SIGNIFICANT_V8_12P5K_worse,0,11
20,0.01740713299972412,0.0007028047439962394,10000,active_clash,V8_12P5K_worse,9,-0.0009083655022550374,V8 Full 12.5K minus V5-B,max_atom_displacement,0.00878410036675632,paired_comparison,SIGNIFICANT_V8_12P5K_worse,0,11
20,0.0,0.0,10000,active_clash,tie,0,0.0,V8 Full 12.5K minus V5-B,solver_failure_count,0.0,paired_comparison,NOT_SIGNIFICANT,20,0
20,1.645296812057466e-05,-0.0014404377341270447,10000,active_clash,V8_12P5K_better,9,-8.106231689453125e-06,V8 Full 12.5K minus V5-B,rmsd,-0.0006392419338226319,paired_comparison,NOT_SIGNIFICANT,0,11
20,3.1724459718258656e-05,2.480842182244203e-06,10000,active_clash,V8_12P5K_worse,15,8.91287527338136e-07,V8 Full 12.5K minus V5-B,target_loss,1.4532052322380196e-05,paired_comparison,SIGNIFICANT_V8_12P5K_worse,0,5
3761,-0.0061153948417973945,-0.015421430470619515,10000,ring_risk,V8_12P5K_worse,60,0.0,V8 Full 12.5K minus V5-B,accepted,-0.010635469290082425,paired_comparison,SIGNIFICANT_V8_12P5K_worse,3681,20
3761,-0.21843153160372528,-0.2268260955123854,10000,ring_risk,V8_12P5K_better,92,-0.2193879894912243,V8 Full 12.5K minus V5-B,weighted_bac_delta,-0.22258958672176268,paired_comparison,SIGNIFICANT_V8_12P5K_better,1,3668
3761,-0.08810269672724962,-0.09172909268357822,10000,ring_risk,V8_12P5K_better,91,-0.09302325546741486,V8 Full 12.5K minus V5-B,bond_delta,-0.0899089171336476,paired_comparison,SIGNIFICANT_V8_12P5K_better,256,3414
2502,-0.006487363101289177,-0.007314571502699824,10000,ring_risk,V8_12P5K_better,19,0.0,V8 Full 12.5K minus V5-B,angle_delta,-0.006897941315665746,paired_comparison,SIGNIFICANT_V8_12P5K_better,1424,1059
2502,-0.006487363101289177,-0.007314571502699824,10000,ring_risk,V8_12P5K_better,19,0.0,V8 Full 12.5K minus V5-B,active_angle_delta,-0.006897941315665746,paired_comparison,SIGNIFICANT_V8_12P5K_better,1424,1059
15,9.371245099979809e-06,-8.497782247710954e-07,10000,ring_risk,V8_12P5K_worse,12,1.8663990886125248e-06,V8 Full 12.5K minus V5-B,clash_delta,3.9151482572682046e-06,paired_comparison,NOT_SIGNIFICANT,0,3
3761,-0.049125461423535834,-0.052593975326262275,10000,ring_risk,V8_12P5K_better,25,-0.0476190485060215,V8 Full 12.5K minus V5-B,ring_delta,-0.05085228985619732,paired_comparison,SIGNIFICANT_V8_12P5K_better,1257,2479
1613,0.0,0.0,10000,ring_risk,tie,0,0.0,V8 Full 12.5K minus V5-B,chirality_preserved,0.0,paired_comparison,NOT_SIGNIFICANT,1613,0
3761,0.0039388870834491324,0.0037774966411765506,10000,ring_risk,V8_12P5K_worse,3696,0.003208035428542644,V8 Full 12.5K minus V5-B,mean_displacement,0.0038578414154248385,paired_comparison,SIGNIFICANT_V8_12P5K_worse,1,64
3761,0.02278126559562059,0.021618468879853452,10000,ring_risk,V8_12P5K_worse,3691,0.016161800595000386,V8 Full 12.5K minus V5-B,max_atom_displacement,0.02219853391605838,paired_comparison,SIGNIFICANT_V8_12P5K_worse,1,69
3761,0.0,0.0,10000,ring_risk,tie,0,0.0,V8 Full 12.5K minus V5-B,solver_failure_count,0.0,paired_comparison,NOT_SIGNIFICANT,3761,0
3761,0.00022052718463634371,0.00017254898237691965,10000,ring_risk,V8_12P5K_worse,2466,0.0001556873321533203,V8 Full 12.5K minus V5-B,rmsd,0.00019608926581705672,paired_comparison,SIGNIFICANT_V8_12P5K_worse,1,1294
3761,1.9661982391821375e-06,1.097943399483311e-06,10000,ring_risk,V8_12P5K_worse,1660,-2.804450787152746e-07,V8 Full 12.5K minus V5-B,target_loss,1.5376196330254841e-06,paired_comparison,SIGNIFICANT_V8_12P5K_worse,1,2100
7366,-0.006244909041542221,-0.011267988053217486,10000,high_flexibility,V8_12P5K_worse,76,0.0,V8 Full 12.5K minus V5-B,accepted,-0.008688569101276133,paired_comparison,SIGNIFICANT_V8_12P5K_worse,7278,12
7366,-0.17493034901065727,-0.17963027834140094,10000,high_flexibility,V8_12P5K_better,92,-0.16750624706037343,V8 Full 12.5K minus V5-B,weighted_bac_delta,-0.17724488287901105,paired_comparison,SIGNIFICANT_V8_12P5K_better,25,7249
7366,-0.08660313515114922,-0.08887458962877705,10000,high_flexibility,V8_12P5K_better,61,-0.0882352963089943,V8 Full 12.5K minus V5-B,bond_delta,-0.08771546756403135,paired_comparison,SIGNIFICANT_V8_12P5K_better,441,6864
4289,-0.007079042624696302,-0.007656950213852271,10000,high_flexibility,V8_12P5K_better,15,0.0,V8 Full 12.5K minus V5-B,angle_delta,-0.007364436140139326,paired_comparison,SIGNIFICANT_V8_12P5K_better,2254,2020
4289,-0.007079042624696302,-0.007656950213852271,10000,high_flexibility,V8_12P5K_better,15,0.0,V8 Full 12.5K minus V5-B,active_angle_delta,-0.007364436140139326,paired_comparison,SIGNIFICANT_V8_12P5K_better,2254,2020
20,7.20984234021671e-06,-3.9991593496324636e-07,10000,high_flexibility,V8_12P5K_worse,16,1.0253825166728348e-06,V8 Full 12.5K minus V5-B,clash_delta,3.150202314827766e-06,paired_comparison,NOT_SIGNIFICANT,0,4
2622,-0.04936672453837814,-0.05331696903480119,10000,high_flexibility,V8_12P5K_better,13,-0.0476190485060215,V8 Full 12.5K minus V5-B,ring_delta,-0.051348704362357736,paired_comparison,SIGNIFICANT_V8_12P5K_better,855,1754
2820,0.0,0.0,10000,high_flexibility,tie,0,0.0,V8 Full 12.5K minus V5-B,chirality_preserved,0.0,paired_comparison,NOT_SIGNIFICANT,2820,0
7366,0.0031368578160393926,0.0030418370603833783,10000,high_flexibility,V8_12P5K_worse,7263,0.002579547790446668,V8 Full 12.5K minus V5-B,mean_displacement,0.0030888554928800225,paired_comparison,SIGNIFICANT_V8_12P5K_worse,24,79
7366,0.01900307397265168,0.01823862959730963,10000,high_flexibility,V8_12P5K_worse,7261,0.012483661354053766,V8 Full 12.5K minus V5-B,max_atom_displacement,0.018617841989536005,paired_comparison,SIGNIFICANT_V8_12P5K_worse,24,81
7366,0.0,0.0,10000,high_flexibility,tie,0,0.0,V8 Full 12.5K minus V5-B,solver_failure_count,0.0,paired_comparison,NOT_SIGNIFICANT,7366,0
7366,0.0001494322391644124,0.00012640926498007368,10000,high_flexibility,V8_12P5K_worse,4761,0.00012046098709106445,V8 Full 12.5K minus V5-B,rmsd,0.0001380227080326575,paired_comparison,SIGNIFICANT_V8_12P5K_worse,26,2579
7366,7.400792087335696e-07,3.0040576256397593e-07,10000,high_flexibility,V8_12P5K_worse,3321,-1.1851597037093597e-07,V8 Full 12.5K minus V5-B,target_loss,5.136078785199668e-07,paired_comparison,SIGNIFICANT_V8_12P5K_worse,24,4021
4521,-0.0035390400353904005,-0.0090687900906879,10000,low_error_minimal_movement,V8_12P5K_worse,34,0.0,V8 Full 12.5K minus V5-B,accepted,-0.0061933200619332,paired_comparison,SIGNIFICANT_V8_12P5K_worse,4481,6
4521,-0.1361078511567494,-0.14046773841060295,10000,low_error_minimal_movement,V8_12P5K_better,42,-0.13526072294916958,V8 Full 12.5K minus V5-B,weighted_bac_delta,-0.13828366110449056,paired_comparison,SIGNIFICANT_V8_12P5K_better,44,4435
4521,-0.07643883765007278,-0.07885571410873313,10000,low_error_minimal_movement,V8_12P5K_better,25,-0.07692307978868484,V8 Full 12.5K minus V5-B,bond_delta,-0.0776429551926925,paired_comparison,SIGNIFICANT_V8_12P5K_better,247,4249
1461,-0.006696527223123466,-0.007609589069051901,10000,low_error_minimal_movement,V8_12P5K_better,2,0.0,V8 Full 12.5K minus V5-B,angle_delta,-0.007153667320868971,paired_comparison,SIGNIFICANT_V8_12P5K_better,764,695
1461,-0.006696527223123466,-0.007609589069051901,10000,low_error_minimal_movement,V8_12P5K_better,2,0.0,V8 Full 12.5K minus V5-B,active_angle_delta,-0.007153667320868971,paired_comparison,SIGNIFICANT_V8_12P5K_better,764,695
5,3.923216718249023e-06,-9.499155567027628e-07,10000,low_error_minimal_movement,V8_12P5K_worse,4,2.493223291821778e-06,V8 Full 12.5K minus V5-B,clash_delta,1.6824444173835218e-06,paired_comparison,NOT_SIGNIFICANT,0,1
1064,-0.047057152070416684,-0.051865714015763016,10000,low_error_minimal_movement,V8_12P5K_better,3,-0.05000000074505806,V8 Full 12.5K minus V5-B,ring_delta,-0.049472267359593196,paired_comparison,SIGNIFICANT_V8_12P5K_better,277,784
1377,0.0,0.0,10000,low_error_minimal_movement,tie,0,0.0,V8 Full 12.5K minus V5-B,chirality_preserved,0.0,paired_comparison,NOT_SIGNIFICANT,1377,0
4521,0.0020915119254262,0.0020143202997832525,10000,low_error_minimal_movement,V8_12P5K_worse,4446,0.0018214233823528048,V8 Full 12.5K minus V5-B,mean_displacement,0.002052547770770397,paired_comparison,SIGNIFICANT_V8_12P5K_worse,41,34
4521,0.010460902870239656,0.00983658541300038,10000,low_error_minimal_movement,V8_12P5K_worse,4446,0.007274403440533206,V8 Full 12.5K minus V5-B,max_atom_displacement,0.010150253012921875,paired_comparison,SIGNIFICANT_V8_12P5K_worse,41,34
4521,0.0,0.0,10000,low_error_minimal_movement,tie,0,0.0,V8 Full 12.5K minus V5-B,solver_failure_count,0.0,paired_comparison,NOT_SIGNIFICANT,4521,0
4521,0.0001437303992841138,0.00012008579605660906,10000,low_error_minimal_movement,V8_12P5K_worse,2995,0.00011473894119262695,V8 Full 12.5K minus V5-B,rmsd,0.0001318747201615982,paired_comparison,SIGNIFICANT_V8_12P5K_worse,43,1483
4521,1.924324037121922e-06,1.4502135590637636e-06,10000,low_error_minimal_movement,V8_12P5K_worse,3040,1.5692216948082205e-07,V8 Full 12.5K minus V5-B,target_loss,1.6798094515316977e-06,paired_comparison,SIGNIFICANT_V8_12P5K_worse,41,1440
10000,-0.0033,-0.008,10000,natural,V8_12P5K_worse,98,0.0,V8 Full 12.5K minus V7,accepted,-0.0056,paired_comparison,SIGNIFICANT_V8_12P5K_worse,9860,42
10000,-0.17848499690583797,-0.18291027783968491,10000,natural,V8_12P5K_better,134,-0.16904415901080938,V8 Full 12.5K minus V7,weighted_bac_delta,-0.18071667523143262,paired_comparison,SIGNIFICANT_V8_12P5K_better,43,9823
10000,-0.08411846459747292,-0.08615518415426136,10000,natural,V8_12P5K_better,123,-0.085106385871768,V8 Full 12.5K minus V7,bond_delta,-0.08513938501831145,paired_comparison,SIGNIFICANT_V8_12P5K_better,733,9144
5724,-0.007260710971951332,-0.007806619178004004,10000,natural,V8_12P5K_better,30,0.0,V8 Full 12.5K minus V7,angle_delta,-0.007534278041906368,paired_comparison,SIGNIFICANT_V8_12P5K_better,3101,2593
5724,-0.007260710971951332,-0.007806619178004004,10000,natural,V8_12P5K_better,30,0.0,V8 Full 12.5K minus V7,active_angle_delta,-0.007534278041906368,paired_comparison,SIGNIFICANT_V8_12P5K_better,3101,2593
20,5.692011470728173e-06,-3.2220495768342514e-07,10000,natural,V8_12P5K_worse,18,1.6618487279629335e-06,V8 Full 12.5K minus V7,clash_delta,2.712813511607237e-06,paired_comparison,NOT_SIGNIFICANT,0,2
3761,-0.04803033135926692,-0.051590826539993806,10000,natural,V8_12P5K_better,49,-0.0476190485060215,V8 Full 12.5K minus V7,ring_delta,-0.04980910151584752,paired_comparison,SIGNIFICANT_V8_12P5K_better,1258,2454
3456,0.0,0.0,10000,natural,tie,0,0.0,V8 Full 12.5K minus V7,chirality_preserved,0.0,paired_comparison,NOT_SIGNIFICANT,3456,0
10000,0.003228846847673424,0.003141499041036261,10000,natural,V8_12P5K_worse,9861,0.0026066352584166452,V8 Full 12.5K minus V7,mean_displacement,0.00318509742329361,paired_comparison,SIGNIFICANT_V8_12P5K_worse,40,99
10000,0.019361481519165544,0.018686988840987025,10000,natural,V8_12P5K_worse,9853,0.012766689302225132,V8 Full 12.5K minus V7,max_atom_displacement,0.019022695214781195,paired_comparison,SIGNIFICANT_V8_12P5K_worse,40,107
10000,0.0,0.0,10000,natural,tie,0,0.0,V8 Full 12.5K minus V7,solver_failure_count,0.0,paired_comparison,NOT_SIGNIFICANT,10000,0
10000,0.00017676807283423842,0.0001516317361826077,10000,natural,V8_12P5K_worse,6466,0.0001246035099029541,V8 Full 12.5K minus V7,rmsd,0.00016430447958409788,paired_comparison,SIGNIFICANT_V8_12P5K_worse,43,3491
10000,4.949299405066116e-07,6.300047383625398e-08,10000,natural,V8_12P5K_worse,4330,-1.673106737598573e-07,V8 Full 12.5K minus V7,target_loss,2.738469039272884e-07,paired_comparison,SIGNIFICANT_V8_12P5K_worse,40,5630
5724,-0.005939902166317261,-0.01310272536687631,10000,active_angle,V8_12P5K_worse,84,0.0,V8 Full 12.5K minus V7,accepted,-0.009433962264150943,paired_comparison,SIGNIFICANT_V8_12P5K_worse,5610,30
5724,-0.18297214305520987,-0.18909331015504016,10000,active_angle,V8_12P5K_better,119,-0.17513524182868423,V8 Full 12.5K minus V7,weighted_bac_delta,-0.18601848530420412,paired_comparison,SIGNIFICANT_V8_12P5K_better,0,5605
5724,-0.07827554607314739,-0.08106347570852064,10000,active_angle,V8_12P5K_better,106,-0.07894736900925636,V8 Full 12.5K minus V7,bond_delta,-0.07966216776395056,paired_comparison,SIGNIFICANT_V8_12P5K_better,559,5059
5724,-0.007260710971951332,-0.007806619178004004,10000,active_angle,V8_12P5K_better,30,0.0,V8 Full 12.5K minus V7,angle_delta,-0.007534278041906368,paired_comparison,SIGNIFICANT_V8_12P5K_better,3101,2593
5724,-0.007260710971951332,-0.007806619178004004,10000,active_angle,V8_12P5K_better,30,0.0,V8 Full 12.5K minus V7,active_angle_delta,-0.007534278041906368,paired_comparison,SIGNIFICANT_V8_12P5K_better,3101,2593
17,6.377804316691575e-06,-5.728650889710372e-07,10000,active_angle,V8_12P5K_worse,15,1.7772617866285145e-06,V8 Full 12.5K minus V7,clash_delta,2.9262172414318604e-06,paired_comparison,NOT_SIGNIFICANT,0,2
2502,-0.04236230374403971,-0.04672715383898959,10000,active_angle,V8_12P5K_better,47,-0.04545454680919647,V8 Full 12.5K minus V7,ring_delta,-0.044546197020381,paired_comparison,SIGNIFICANT_V8_12P5K_better,996,1459
2241,0.0,0.0,10000,active_angle,tie,0,0.0,V8 Full 12.5K minus V7,chirality_preserved,0.0,paired_comparison,NOT_SIGNIFICANT,2241,0
5724,0.003962406457803559,0.003832521112146575,10000,active_angle,V8_12P5K_worse,5639,0.003267628351750318,V8 Full 12.5K minus V7,mean_displacement,0.0038975930899904526,paired_comparison,SIGNIFICANT_V8_12P5K_worse,0,85
5724,0.02566820389883231,0.024694179027689014,10000,active_angle,V8_12P5K_worse,5632,0.02036446606507525,V8 Full 12.5K minus V7,max_atom_displacement,0.02518306827751444,paired_comparison,SIGNIFICANT_V8_12P5K_worse,0,92
5724,0.0,0.0,10000,active_angle,tie,0,0.0,V8 Full 12.5K minus V7,solver_failure_count,0.0,paired_comparison,NOT_SIGNIFICANT,5724,0
5724,0.00019991963708940514,0.00016078075738480558,10000,active_angle,V8_12P5K_worse,3704,0.00013571977615356445,V8 Full 12.5K minus V7,rmsd,0.0001802916967542354,paired_comparison,SIGNIFICANT_V8_12P5K_worse,1,2019
5724,1.4372081942834787e-06,6.910234647048187e-07,10000,active_angle,V8_12P5K_worse,2125,-7.427614718835684e-07,V8 Full 12.5K minus V7,target_loss,1.0585867383754724e-06,paired_comparison,SIGNIFICANT_V8_12P5K_worse,0,3599
20,-0.1,-0.7,10000,active_clash,V8_12P5K_worse,10,-0.5,V8 Full 12.5K minus V7,accepted,-0.4,paired_comparison,SIGNIFICANT_V8_12P5K_worse,8,2
20,-0.013430302536774004,-0.10071827553034608,10000,active_clash,V8_12P5K_better,10,-0.015481037202334846,V8 Full 12.5K minus V7,weighted_bac_delta,-0.05517009554532706,paired_comparison,SIGNIFICANT_V8_12P5K_better,0,10
20,0.006430059606209389,-0.026328594270162285,10000,active_clash,V8_12P5K_better,6,0.0,V8 Full 12.5K minus V7,bond_delta,-0.008695416338741779,paired_comparison,NOT_SIGNIFICANT,7,7
17,0.003233709975200541,-0.0035500824999283344,10000,active_clash,V8_12P5K_better,1,0.0,V8 Full 12.5K minus V7,angle_delta,-0.0004350011072614614,paired_comparison,NOT_SIGNIFICANT,13,3
17,0.003233709975200541,-0.0035500824999283344,10000,active_clash,V8_12P5K_better,1,0.0,V8 Full 12.5K minus V7,active_angle_delta,-0.0004350011072614614,paired_comparison,NOT_SIGNIFICANT,13,3
20,5.692011470728173e-06,-3.2220495768342514e-07,10000,active_clash,V8_12P5K_worse,18,1.6618487279629335e-06,V8 Full 12.5K minus V7,clash_delta,2.712813511607237e-06,paired_comparison,NOT_SIGNIFICANT,0,2
15,-0.0024691343307495115,-0.031065721437335013,10000,active_clash,V8_12P5K_better,0,0.0,V8 Full 12.5K minus V7,ring_delta,-0.015263252581159273,paired_comparison,SIGNIFICANT_V8_12P5K_better,11,4
18,0.0,0.0,10000,active_clash,tie,0,0.0,V8 Full 12.5K minus V7,chirality_preserved,0.0,paired_comparison,NOT_SIGNIFICANT,18,0
20,0.0076635054444341225,0.0016480497554721297,10000,active_clash,V8_12P5K_worse,10,0.001412192641510046,V8 Full 12.5K minus V7,mean_displacement,0.004421021934649616,paired_comparison,SIGNIFICANT_V8_12P5K_worse,0,10
20,0.02200037475908175,0.004113505568675463,10000,active_clash,V8_12P5K_worse,9,-0.0009858113480731845,V8 Full 12.5K minus V7,max_atom_displacement,0.012870304193347693,paired_comparison,SIGNIFICANT_V8_12P5K_worse,0,11
20,0.0,0.0,10000,active_clash,tie,0,0.0,V8 Full 12.5K minus V7,solver_failure_count,0.0,paired_comparison,NOT_SIGNIFICANT,20,0
20,-3.4364312887191916e-05,-0.0017564292252063751,10000,active_clash,V8_12P5K_better,10,5.960464477539062e-07,V8 Full 12.5K minus V7,rmsd,-0.0008168280124664307,paired_comparison,SIGNIFICANT_V8_12P5K_better,0,10
20,3.4554711374141764e-05,6.009649750851053e-06,10000,active_clash,V8_12P5K_worse,16,2.591255906736478e-06,V8 Full 12.5K minus V7,target_loss,1.778533927705439e-05,paired_comparison,SIGNIFICANT_V8_12P5K_worse,0,4
3761,-0.00425418771603297,-0.014091996809359212,10000,ring_risk,V8_12P5K_worse,61,0.0,V8 Full 12.5K minus V7,accepted,-0.00904014889657006,paired_comparison,SIGNIFICANT_V8_12P5K_worse,3673,27
3761,-0.22550368158897688,-0.23449070407606595,10000,ring_risk,V8_12P5K_better,92,-0.22613895684480667,V8 Full 12.5K minus V7,weighted_bac_delta,-0.22997806563455334,paired_comparison,SIGNIFICANT_V8_12P5K_better,0,3669
3761,-0.08719345405923162,-0.09082170064659871,10000,ring_risk,V8_12P5K_better,106,-0.09259259328246117,V8 Full 12.5K minus V7,bond_delta,-0.08901195126226356,paired_comparison,SIGNIFICANT_V8_12P5K_better,253,3402
2502,-0.00638789343506211,-0.007220195101600678,10000,ring_risk,V8_12P5K_better,27,0.0,V8 Full 12.5K minus V7,angle_delta,-0.006803169042701356,paired_comparison,SIGNIFICANT_V8_12P5K_better,1416,1059
2502,-0.00638789343506211,-0.007220195101600678,10000,ring_risk,V8_12P5K_better,27,0.0,V8 Full 12.5K minus V7,active_angle_delta,-0.006803169042701356,paired_comparison,SIGNIFICANT_V8_12P5K_better,1416,1059
15,7.168256609778228e-06,-7.637163162144133e-07,10000,ring_risk,V8_12P5K_worse,13,2.8939175535924733e-06,V8 Full 12.5K minus V7,clash_delta,3.2308897061739115e-06,paired_comparison,NOT_SIGNIFICANT,0,2
3761,-0.04803033135926692,-0.051590826539993806,10000,ring_risk,V8_12P5K_better,49,-0.0476190485060215,V8 Full 12.5K minus V7,ring_delta,-0.04980910151584752,paired_comparison,SIGNIFICANT_V8_12P5K_better,1258,2454
1613,0.0,0.0,10000,ring_risk,tie,0,0.0,V8 Full 12.5K minus V7,chirality_preserved,0.0,paired_comparison,NOT_SIGNIFICANT,1613,0
3761,0.0040383282909864215,0.0038752715938537093,10000,ring_risk,V8_12P5K_worse,3699,0.003281038661953062,V8 Full 12.5K minus V7,mean_displacement,0.0039565676585112015,paired_comparison,SIGNIFICANT_V8_12P5K_worse,0,62
3761,0.023482837051727913,0.02230087266233394,10000,ring_risk,V8_12P5K_worse,3691,0.016971741628367454,V8 Full 12.5K minus V7,max_atom_displacement,0.022889857049464824,paired_comparison,SIGNIFICANT_V8_12P5K_worse,0,70
3761,0.0,0.0,10000,ring_risk,tie,0,0.0,V8 Full 12.5K minus V7,solver_failure_count,0.0,paired_comparison,NOT_SIGNIFICANT,3761,0
3761,0.0002280288613759173,0.0001778745157391574,10000,ring_risk,V8_12P5K_worse,2469,0.00015556812286376953,V8 Full 12.5K minus V7,rmsd,0.0002025070886715268,paired_comparison,SIGNIFICANT_V8_12P5K_worse,1,1291
3761,1.284317914956678e-06,3.8480695486180333e-07,10000,ring_risk,V8_12P5K_worse,1529,-4.6255615870904876e-07,V8 Full 12.5K minus V7,target_loss,8.418495947332752e-07,paired_comparison,SIGNIFICANT_V8_12P5K_worse,0,2232
7366,-0.004887320119467825,-0.01004615802335053,10000,high_flexibility,V8_12P5K_worse,76,0.0,V8 Full 12.5K minus V7,accepted,-0.007466739071409177,paired_comparison,SIGNIFICANT_V8_12P5K_worse,7269,21
7366,-0.17911521749500334,-0.18407823421860514,10000,high_flexibility,V8_12P5K_better,94,-0.17026505024114158,V8 Full 12.5K minus V7,weighted_bac_delta,-0.18156007918725076,paired_comparison,SIGNIFICANT_V8_12P5K_better,25,7247
7366,-0.0862426394993608,-0.08850706655719814,10000,high_flexibility,V8_12P5K_better,67,-0.0882352963089943,V8 Full 12.5K minus V7,bond_delta,-0.08735863684377948,paired_comparison,SIGNIFICANT_V8_12P5K_better,447,6852
4289,-0.007026525073508649,-0.007604130304534784,10000,high_flexibility,V8_12P5K_better,22,0.0,V8 Full 12.5K minus V7,angle_delta,-0.007313444009552326,paired_comparison,SIGNIFICANT_V8_12P5K_better,2248,2019
4289,-0.007026525073508649,-0.007604130304534784,10000,high_flexibility,V8_12P5K_better,22,0.0,V8 Full 12.5K minus V7,active_angle_delta,-0.007313444009552326,paired_comparison,SIGNIFICANT_V8_12P5K_better,2248,2019
20,5.692011470728173e-06,-3.2220495768342514e-07,10000,high_flexibility,V8_12P5K_worse,18,1.6618487279629335e-06,V8 Full 12.5K minus V7,clash_delta,2.712813511607237e-06,paired_comparison,NOT_SIGNIFICANT,0,2
2622,-0.04835068053696631,-0.05237417805145696,10000,high_flexibility,V8_12P5K_better,30,-0.0476190485060215,V8 Full 12.5K minus V7,ring_delta,-0.050381141115181736,paired_comparison,SIGNIFICANT_V8_12P5K_better,861,1731
2820,0.0,0.0,10000,high_flexibility,tie,0,0.0,V8 Full 12.5K minus V7,chirality_preserved,0.0,paired_comparison,NOT_SIGNIFICANT,2820,0
7366,0.003187966217000078,0.0030915918544552356,10000,high_flexibility,V8_12P5K_worse,7266,0.0026209507741441485,V8 Full 12.5K minus V7,mean_displacement,0.003139377090745902,paired_comparison,SIGNIFICANT_V8_12P5K_worse,24,76
7366,0.01936845209987886,0.018593573844002457,10000,high_flexibility,V8_12P5K_worse,7262,0.012870681763160974,V8 Full 12.5K minus V7,max_atom_displacement,0.018979461267357133,paired_comparison,SIGNIFICANT_V8_12P5K_worse,24,80
7366,0.0,0.0,10000,high_flexibility,tie,0,0.0,V8 Full 12.5K minus V7,solver_failure_count,0.0,paired_comparison,NOT_SIGNIFICANT,7366,0
7366,0.00015205937539367146,0.00012857431322442402,10000,high_flexibility,V8_12P5K_worse,4772,0.0001220703125,V8 Full 12.5K minus V7,rmsd,0.00014042201675242003,paired_comparison,SIGNIFICANT_V8_12P5K_worse,27,2567
7366,4.696847098901915e-07,1.7330990379935896e-08,10000,high_flexibility,V8_12P5K_worse,3156,-1.880445665847219e-07,V8 Full 12.5K minus V7,target_loss,2.363296550680955e-07,paired_comparison,SIGNIFICANT_V8_12P5K_worse,24,4186
4521,-0.0011059500110595002,-0.0072992700729927005,10000,low_error_minimal_movement,V8_12P5K_worse,35,0.0,V8 Full 12.5K minus V7,accepted,-0.0042026100420261,paired_comparison,SIGNIFICANT_V8_12P5K_worse,4470,16
4521,-0.13855202666689884,-0.14305064634936285,10000,low_error_minimal_movement,V8_12P5K_better,44,-0.13710257806815207,V8 Full 12.5K minus V7,weighted_bac_delta,-0.14078606896461984,paired_comparison,SIGNIFICANT_V8_12P5K_better,43,4434
4521,-0.07635033770819812,-0.07877797038815347,10000,low_error_minimal_movement,V8_12P5K_better,24,-0.07692307978868484,V8 Full 12.5K minus V7,bond_delta,-0.07755886729653398,paired_comparison,SIGNIFICANT_V8_12P5K_better,249,4248
1461,-0.0066842702671985575,-0.007597040167268975,10000,low_error_minimal_movement,V8_12P5K_better,3,0.0,V8 Full 12.5K minus V7,angle_delta,-0.007140611180453003,paired_comparison,SIGNIFICANT_V8_12P5K_better,763,695
1461,-0.0066842702671985575,-0.007597040167268975,10000,low_error_minimal_movement,V8_12P5K_better,3,0.0,V8 Full 12.5K minus V7,active_angle_delta,-0.007140611180453003,paired_comparison,SIGNIFICANT_V8_12P5K_better,763,695
5,4.851393168792129e-06,-3.8059515645727515e-06,10000,low_error_minimal_movement,V8_12P5K_worse,4,2.8939175535924733e-06,V8 Full 12.5K minus V7,clash_delta,1.2040502042509615e-06,paired_comparison,NOT_SIGNIFICANT,0,1
1064,-0.04678095302967306,-0.051634071240966604,10000,low_error_minimal_movement,V8_12P5K_better,6,-0.05000000074505806,V8 Full 12.5K minus V7,ring_delta,-0.04921344673099991,paired_comparison,SIGNIFICANT_V8_12P5K_better,276,782
1377,0.0,0.0,10000,low_error_minimal_movement,tie,0,0.0,V8 Full 12.5K minus V7,chirality_preserved,0.0,paired_comparison,NOT_SIGNIFICANT,1377,0
4521,0.0021102657997426693,0.0020322725030155297,10000,low_error_minimal_movement,V8_12P5K_worse,4446,0.0018387038435321301,V8 Full 12.5K minus V7,mean_displacement,0.002071214720986718,paired_comparison,SIGNIFICANT_V8_12P5K_worse,40,35
4521,0.010599758907646542,0.00997225251629184,10000,low_error_minimal_movement,V8_12P5K_worse,4445,0.007423825642035808,V8 Full 12.5K minus V7,max_atom_displacement,0.010286007682743938,paired_comparison,SIGNIFICANT_V8_12P5K_worse,40,36
4521,0.0,0.0,10000,low_error_minimal_movement,tie,0,0.0,V8 Full 12.5K minus V7,solver_failure_count,0.0,paired_comparison,NOT_SIGNIFICANT,4521,0
4521,0.00014416431539292964,0.00012039822370540684,10000,low_error_minimal_movement,V8_12P5K_worse,2996,0.00011473894119262695,V8 Full 12.5K minus V7,rmsd,0.000132244126654929,paired_comparison,SIGNIFICANT_V8_12P5K_worse,42,1483
4521,1.8885696655230701e-06,1.41468755495316e-06,10000,low_error_minimal_movement,V8_12P5K_worse,2919,1.345180180578609e-07,V8 Full 12.5K minus V7,target_loss,1.6439036892206838e-06,paired_comparison,SIGNIFICANT_V8_12P5K_worse,40,1562
10000,0.003,-0.0004,10000,natural,V8_12P5K_better,33,0.0,V8 Full 12.5K minus V8 Full 5K,accepted,0.0013,paired_comparison,NOT_SIGNIFICANT,9921,46
10000,-0.016493334697761482,-0.018907609436418348,10000,natural,V8_12P5K_better,2199,-0.0026971795596182346,V8 Full 12.5K minus V8 Full 5K,weighted_bac_delta,-0.017694210011753638,paired_comparison,SIGNIFICANT_V8_12P5K_better,2305,5496
10000,-0.012766214687519243,-0.014077179803808685,10000,natural,V8_12P5K_better,1096,0.0,V8 Full 12.5K minus V8 Full 5K,bond_delta,-0.013422766641248017,paired_comparison,SIGNIFICANT_V8_12P5K_better,4529,4375
5724,-0.001114768096118346,-0.0016067401773798566,10000,natural,V8_12P5K_better,733,0.0,V8 Full 12.5K minus V8 Full 5K,angle_delta,-0.0013593839819736357,paired_comparison,SIGNIFICANT_V8_12P5K_better,3798,1193
5724,-0.001114768096118346,-0.0016067401773798566,10000,natural,V8_12P5K_better,733,0.0,V8 Full 12.5K minus V8 Full 5K,active_angle_delta,-0.0013593839819736357,paired_comparison,SIGNIFICANT_V8_12P5K_better,3798,1193
20,1.2645524520848988e-06,-1.2743210095322864e-06,10000,natural,V8_12P5K_better,5,0.0,V8 Full 12.5K minus V8 Full 5K,clash_delta,-4.192133928881958e-09,paired_comparison,NOT_SIGNIFICANT,9,6
3761,-0.004394104545866653,-0.006884237203120044,10000,natural,V8_12P5K_better,341,0.0,V8 Full 12.5K minus V8 Full 5K,ring_delta,-0.005647344846546856,paired_comparison,SIGNIFICANT_V8_12P5K_better,2781,639
3456,0.0,0.0,10000,natural,tie,0,0.0,V8 Full 12.5K minus V8 Full 5K,chirality_preserved,0.0,paired_comparison,NOT_SIGNIFICANT,3456,0
10000,-0.00035130734874961494,-0.0004046585890264396,10000,natural,V8_12P5K_better,2713,-0.00038866244722157717,V8 Full 12.5K minus V8 Full 5K,mean_displacement,-0.0003780798341409536,paired_comparison,SIGNIFICANT_V8_12P5K_better,105,7182
10000,0.0006689029119253974,0.00042496750327991324,10000,natural,V8_12P5K_worse,5313,4.1762832552194595e-06,V8 Full 12.5K minus V8 Full 5K,max_atom_displacement,0.000547849897085689,paired_comparison,SIGNIFICANT_V8_12P5K_worse,121,4566
10000,0.0,0.0,10000,natural,tie,0,0.0,V8 Full 12.5K minus V8 Full 5K,solver_failure_count,0.0,paired_comparison,NOT_SIGNIFICANT,10000,0
10000,0.0006244854765711351,0.0006033930326672271,10000,natural,V8_12P5K_worse,9265,0.0005571842193603516,V8 Full 12.5K minus V8 Full 5K,rmsd,0.0006137228946201503,paired_comparison,SIGNIFICANT_V8_12P5K_worse,105,630
10000,1.212169084384484e-08,-3.457973521717594e-07,10000,natural,V8_12P5K_better,3453,-1.9681334606502787e-07,V8 Full 12.5K minus V8 Full 5K,target_loss,-1.4907517599134224e-07,paired_comparison,NOT_SIGNIFICANT,105,6442
5724,0.003843466107617051,-0.001222921034241789,10000,active_angle,V8_12P5K_better,24,0.0,V8 Full 12.5K minus V8 Full 5K,accepted,0.001397624039133473,paired_comparison,NOT_SIGNIFICANT,5668,32
5724,-0.01791831266161416,-0.021558821458133724,10000,active_angle,V8_12P5K_better,1723,-0.012216298840030504,V8 Full 12.5K minus V8 Full 5K,weighted_bac_delta,-0.019730171245303692,paired_comparison,SIGNIFICANT_V8_12P5K_better,334,3667
5724,-0.013475032204747134,-0.01537155338921301,10000,active_angle,V8_12P5K_better,794,0.0,V8 Full 12.5K minus V8 Full 5K,bond_delta,-0.014417166348675606,paired_comparison,SIGNIFICANT_V8_12P5K_better,2234,2696
5724,-0.001114768096118346,-0.0016067401773798566,10000,active_angle,V8_12P5K_better,733,0.0,V8 Full 12.5K minus V8 Full 5K,angle_delta,-0.0013593839819736357,paired_comparison,SIGNIFICANT_V8_12P5K_better,3798,1193
5724,-0.001114768096118346,-0.0016067401773798566,10000,active_angle,V8_12P5K_better,733,0.0,V8 Full 12.5K minus V8 Full 5K,active_angle_delta,-0.0013593839819736357,paired_comparison,SIGNIFICANT_V8_12P5K_better,3798,1193
17,1.5400967319745925e-06,-1.4063029886849964e-06,10000,active_angle,V8_12P5K_worse,5,0.0,V8 Full 12.5K minus V8 Full 5K,clash_delta,8.127084155977868e-08,paired_comparison,NOT_SIGNIFICANT,7,5
2502,-0.002817325964443487,-0.0059090718980595695,10000,active_angle,V8_12P5K_better,241,0.0,V8 Full 12.5K minus V8 Full 5K,ring_delta,-0.004348508955584728,paired_comparison,SIGNIFICANT_V8_12P5K_better,1859,402
2241,0.0,0.0,10000,active_angle,tie,0,0.0,V8 Full 12.5K minus V8 Full 5K,chirality_preserved,0.0,paired_comparison,NOT_SIGNIFICANT,2241,0
5724,-0.00021327852594041826,-0.00029941616403124144,10000,active_angle,V8_12P5K_better,1896,-0.0002715510781854391,V8 Full 12.5K minus V8 Full 5K,mean_displacement,-0.00025585678291739243,paired_comparison,SIGNIFICANT_V8_12P5K_better,60,3768
5724,0.0010317579903467385,0.0006233833764241363,10000,active_angle,V8_12P5K_worse,3233,5.045207217335701e-05,V8 Full 12.5K minus V8 Full 5K,max_atom_displacement,0.0008257832978529938,paired_comparison,SIGNIFICANT_V8_12P5K_worse,73,2418
5724,0.0,0.0,10000,active_angle,tie,0,0.0,V8 Full 12.5K minus V8 Full 5K,solver_failure_count,0.0,paired_comparison,NOT_SIGNIFICANT,5724,0
5724,0.0006299618703679582,0.0005992174125008043,10000,active_angle,V8_12P5K_worse,5259,0.0005467832088470459,V8 Full 12.5K minus V8 Full 5K,rmsd,0.0006142904274855499,paired_comparison,SIGNIFICANT_V8_12P5K_worse,60,405
5724,2.4600025432484346e-07,-3.6924078147487496e-07,10000,active_angle,V8_12P5K_better,2350,-1.2417498851391429e-07,V8 Full 12.5K minus V8 Full 5K,target_loss,-3.381568562676583e-08,paired_comparison,NOT_SIGNIFICANT,60,3314
20,0.15,-0.15,10000,active_clash,tie,1,0.0,V8 Full 12.5K minus V8 Full 5K,accepted,0.0,paired_comparison,NOT_SIGNIFICANT,18,1
20,0.011298983053579818,-0.05193711806816509,10000,active_clash,V8_12P5K_better,3,0.0,V8 Full 12.5K minus V8 Full 5K,weighted_bac_delta,-0.019094634684824995,paired_comparison,NOT_SIGNIFICANT,9,8
20,-0.0003307783138007022,-0.02163544782437384,10000,active_clash,V8_12P5K_better,1,0.0,V8 Full 12.5K minus V8 Full 5K,bond_delta,-0.011260978318750859,paired_comparison,SIGNIFICANT_V8_12P5K_better,11,8
17,0.00145454441799837,-0.0019138710682882981,10000,active_clash,V8_12P5K_better,3,0.0,V8 Full 12.5K minus V8 Full 5K,angle_delta,-0.00015171228305381888,paired_comparison,NOT_SIGNIFICANT,12,2
17,0.00145454441799837,-0.0019138710682882981,10000,active_clash,V8_12P5K_better,3,0.0,V8 Full 12.5K minus V8 Full 5K,active_angle_delta,-0.00015171228305381888,paired_comparison,NOT_SIGNIFICANT,12,2
20,1.2645524520848988e-06,-1.2743210095322864e-06,10000,active_clash,V8_12P5K_better,5,0.0,V8 Full 12.5K minus V8 Full 5K,clash_delta,-4.192133928881958e-09,paired_comparison,NOT_SIGNIFICANT,9,6
15,-0.0006499634931485386,-0.031065721437335013,10000,active_clash,V8_12P5K_better,1,0.0,V8 Full 12.5K minus V8 Full 5K,ring_delta,-0.014609657724698384,paired_comparison,SIGNIFICANT_V8_12P5K_better,9,5
18,0.0,0.0,10000,active_clash,tie,0,0.0,V8 Full 12.5K minus V8 Full 5K,chirality_preserved,0.0,paired_comparison,NOT_SIGNIFICANT,18,0
20,0.0030328400284633968,-0.003419066611677408,10000,active_clash,V8_12P5K_better,6,0.0,V8 Full 12.5K minus V8 Full 5K,mean_displacement,-7.675593951717019e-05,paired_comparison,NOT_SIGNIFICANT,9,5
20,0.00969151051249355,-0.008086817963048816,10000,active_clash,V8_12P5K_worse,8,0.0,V8 Full 12.5K minus V8 Full 5K,max_atom_displacement,0.0007309617474675178,paired_comparison,NOT_SIGNIFICANT,9,3
20,0.0,0.0,10000,active_clash,tie,0,0.0,V8 Full 12.5K minus V8 Full 5K,solver_failure_count,0.0,paired_comparison,NOT_SIGNIFICANT,20,0
20,0.0005652821063995361,-0.0012718303501605987,10000,active_clash,V8_12P5K_better,6,0.0,V8 Full 12.5K minus V8 Full 5K,rmsd,-0.0002754628658294678,paired_comparison,NOT_SIGNIFICANT,9,5
20,1.363077944233737e-05,-7.072042135462198e-05,10000,active_clash,V8_12P5K_better,6,0.0,V8 Full 12.5K minus V8 Full 5K,target_loss,-1.9431644818723726e-05,paired_comparison,NOT_SIGNIFICANT,9,5
3761,0.0050518479127891515,-0.0018612071257644244,10000,ring_risk,V8_12P5K_better,18,0.0,V8 Full 12.5K minus V8 Full 5K,accepted,0.0015953203935123637,paired_comparison,NOT_SIGNIFICANT,3719,24
3761,-0.02190436514228315,-0.02737689175425754,10000,ring_risk,V8_12P5K_better,1001,-0.01322183758020401,V8 Full 12.5K minus V8 Full 5K,weighted_bac_delta,-0.02469410082474973,paired_comparison,SIGNIFICANT_V8_12P5K_better,480,2280
3761,-0.015122883450088845,-0.017600315359436677,10000,ring_risk,V8_12P5K_better,517,-0.01075268816202879,V8 Full 12.5K minus V8 Full 5K,bond_delta,-0.016375107567869297,paired_comparison,SIGNIFICANT_V8_12P5K_better,1360,1884
2502,-0.0003112253064824214,-0.0010454225647261368,10000,ring_risk,V8_12P5K_better,365,0.0,V8 Full 12.5K minus V8 Full 5K,angle_delta,-0.0006876391452475847,paired_comparison,SIGNIFICANT_V8_12P5K_better,1654,483
2502,-0.0003112253064824214,-0.0010454225647261368,10000,ring_risk,V8_12P5K_better,365,0.0,V8 Full 12.5K minus V8 Full 5K,active_angle_delta,-0.0006876391452475847,paired_comparison,SIGNIFICANT_V8_12P5K_better,1654,483
15,1.7716887729572271e-06,-1.5307775962961992e-06,10000,ring_risk,V8_12P5K_worse,5,0.0,V8 Full 12.5K minus V8 Full 5K,clash_delta,9.210695376774917e-08,paired_comparison,NOT_SIGNIFICANT,5,5
3761,-0.004394104545866653,-0.006884237203120044,10000,ring_risk,V8_12P5K_better,341,0.0,V8 Full 12.5K minus V8 Full 5K,ring_delta,-0.005647344846546856,paired_comparison,SIGNIFICANT_V8_12P5K_better,2781,639
1613,0.0,0.0,10000,ring_risk,tie,0,0.0,V8 Full 12.5K minus V8 Full 5K,chirality_preserved,0.0,paired_comparison,NOT_SIGNIFICANT,1613,0
3761,-0.0003633997634225052,-0.0004816358870265107,10000,ring_risk,V8_12P5K_better,1038,-0.00044049829011783004,V8 Full 12.5K minus V8 Full 5K,mean_displacement,-0.0004213541299854998,paired_comparison,SIGNIFICANT_V8_12P5K_better,43,2680
3761,0.0009360375370540512,0.0004078749362591652,10000,ring_risk,V8_12P5K_worse,1954,4.0978193283081055e-08,V8 Full 12.5K minus V8 Full 5K,max_atom_displacement,0.0006735628847851438,paired_comparison,SIGNIFICANT_V8_12P5K_worse,54,1753
3761,0.0,0.0,10000,ring_risk,tie,0,0.0,V8 Full 12.5K minus V8 Full 5K,solver_failure_count,0.0,paired_comparison,NOT_SIGNIFICANT,3761,0
3761,0.0007795340070605964,0.0007342995517228241,10000,ring_risk,V8_12P5K_worse,3478,0.0006990432739257812,V8 Full 12.5K minus V8 Full 5K,rmsd,0.0007563856465267045,paired_comparison,SIGNIFICANT_V8_12P5K_worse,43,240
3761,7.444687406549003e-08,-8.279543438632493e-07,10000,ring_risk,V8_12P5K_better,1319,-3.063496478716843e-07,V8 Full 12.5K minus V8 Full 5K,target_loss,-3.1745270468260854e-07,paired_comparison,NOT_SIGNIFICANT,43,2399
7366,0.0028509367363562313,-0.0012218300298669563,10000,high_flexibility,V8_12P5K_better,26,0.0,V8 Full 12.5K minus V8 Full 5K,accepted,0.0008145533532446375,paired_comparison,NOT_SIGNIFICANT,7308,32
7366,-0.01670034376975745,-0.01940151505999041,10000,high_flexibility,V8_12P5K_better,1552,-0.008505256791998761,V8 Full 12.5K minus V8 Full 5K,weighted_bac_delta,-0.018058165503971,paired_comparison,SIGNIFICANT_V8_12P5K_better,1604,4210
7366,-0.013105449703180146,-0.014591293959431942,10000,high_flexibility,V8_12P5K_better,786,0.0,V8 Full 12.5K minus V8 Full 5K,bond_delta,-0.013854559406890005,paired_comparison,SIGNIFICANT_V8_12P5K_better,3168,3412
4289,-0.0010879575351888727,-0.0016034083538396663,10000,high_flexibility,V8_12P5K_better,571,0.0,V8 Full 12.5K minus V8 Full 5K,angle_delta,-0.0013454891219048977,paired_comparison,SIGNIFICANT_V8_12P5K_better,2789,929
4289,-0.0010879575351888727,-0.0016034083538396663,10000,high_flexibility,V8_12P5K_better,571,0.0,V8 Full 12.5K minus V8 Full 5K,active_angle_delta,-0.0013454891219048977,paired_comparison,SIGNIFICANT_V8_12P5K_better,2789,929
20,1.2645524520848988e-06,-1.2743210095322864e-06,10000,high_flexibility,V8_12P5K_better,5,0.0,V8 Full 12.5K minus V8 Full 5K,clash_delta,-4.192133928881958e-09,paired_comparison,NOT_SIGNIFICANT,9,6
2622,-0.004764767450317428,-0.007586555568232115,10000,high_flexibility,V8_12P5K_better,236,0.0,V8 Full 12.5K minus V8 Full 5K,ring_delta,-0.006192872478341801,paired_comparison,SIGNIFICANT_V8_12P5K_better,1922,464
2820,0.0,0.0,10000,high_flexibility,tie,0,0.0,V8 Full 12.5K minus V8 Full 5K,chirality_preserved,0.0,paired_comparison,NOT_SIGNIFICANT,2820,0
7366,-0.00032215585343523846,-0.00037825035759062265,10000,high_flexibility,V8_12P5K_better,2064,-0.0003633437445387244,V8 Full 12.5K minus V8 Full 5K,mean_displacement,-0.0003502220968833305,paired_comparison,SIGNIFICANT_V8_12P5K_better,74,5228
7366,0.0007023018019725345,0.0004237652479506829,10000,high_flexibility,V8_12P5K_worse,3977,6.117578595876694e-05,V8 Full 12.5K minus V8 Full 5K,max_atom_displacement,0.0005655061414417516,paired_comparison,SIGNIFICANT_V8_12P5K_worse,85,3304
7366,0.0,0.0,10000,high_flexibility,tie,0,0.0,V8 Full 12.5K minus V8 Full 5K,solver_failure_count,0.0,paired_comparison,NOT_SIGNIFICANT,7366,0
7366,0.0006350431227834023,0.0006126863871008955,10000,high_flexibility,V8_12P5K_worse,6933,0.0005651414394378662,V8 Full 12.5K minus V8 Full 5K,rmsd,0.0006239062386048801,paired_comparison,SIGNIFICANT_V8_12P5K_worse,74,359
7366,9.538673932355114e-09,-3.1940159210909707e-07,10000,high_flexibility,V8_12P5K_better,2509,-1.9718110877420258e-07,V8 Full 12.5K minus V8 Full 5K,target_loss,-1.418218998428789e-07,paired_comparison,NOT_SIGNIFICANT,74,4783
4521,0.0033178500331785005,-0.0019907100199071004,10000,low_error_minimal_movement,V8_12P5K_better,16,0.0,V8 Full 12.5K minus V8 Full 5K,accepted,0.0006635700066357001,paired_comparison,NOT_SIGNIFICANT,4486,19
4521,-0.011548429136056968,-0.014041443811665368,10000,low_error_minimal_movement,V8_12P5K_better,671,0.0,V8 Full 12.5K minus V8 Full 5K,weighted_bac_delta,-0.012784339528983522,paired_comparison,SIGNIFICANT_V8_12P5K_better,1804,2046
4521,-0.009730805145203532,-0.011222458637665172,10000,low_error_minimal_movement,V8_12P5K_better,338,0.0,V8 Full 12.5K minus V8 Full 5K,bond_delta,-0.010465773555444579,paired_comparison,SIGNIFICANT_V8_12P5K_better,2513,1670
1461,-0.0006600911345528561,-0.0015445137336374624,10000,low_error_minimal_movement,V8_12P5K_better,212,0.0,V8 Full 12.5K minus V8 Full 5K,angle_delta,-0.0010998389737210113,paired_comparison,SIGNIFICANT_V8_12P5K_better,938,311
1461,-0.0006600911345528561,-0.0015445137336374624,10000,low_error_minimal_movement,V8_12P5K_better,212,0.0,V8 Full 12.5K minus V8 Full 5K,active_angle_delta,-0.0010998389737210113,paired_comparison,SIGNIFICANT_V8_12P5K_better,938,311
5,1.6796722775325179e-06,-4.747200000565499e-06,10000,low_error_minimal_movement,V8_12P5K_better,3,7.868948159739375e-08,V8 Full 12.5K minus V8 Full 5K,clash_delta,-8.88788781594485e-07,paired_comparison,NOT_SIGNIFICANT,1,1
1064,-0.0037378237631322505,-0.007786414369763946,10000,low_error_minimal_movement,V8_12P5K_better,90,0.0,V8 Full 12.5K minus V8 Full 5K,ring_delta,-0.005786402399574679,paired_comparison,SIGNIFICANT_V8_12P5K_better,787,187
1377,0.0,0.0,10000,low_error_minimal_movement,tie,0,0.0,V8 Full 12.5K minus V8 Full 5K,chirality_preserved,0.0,paired_comparison,NOT_SIGNIFICANT,1377,0
4521,-0.00038775033099114933,-0.0004414246077105522,10000,low_error_minimal_movement,V8_12P5K_better,1040,-0.0004133298643864691,V8 Full 12.5K minus V8 Full 5K,mean_displacement,-0.0004140063569566564,paired_comparison,SIGNIFICANT_V8_12P5K_better,59,3422
4521,0.0002484556773698171,6.825861498302322e-06,10000,low_error_minimal_movement,V8_12P5K_worse,2164,-1.0803341865539551e-07,V8 Full 12.5K minus V8 Full 5K,max_atom_displacement,0.00012950311041832815,paired_comparison,SIGNIFICANT_V8_12P5K_worse,61,2296
4521,0.0,0.0,10000,low_error_minimal_movement,tie,0,0.0,V8 Full 12.5K minus V8 Full 5K,solver_failure_count,0.0,paired_comparison,NOT_SIGNIFICANT,4521,0
4521,0.0005826824000109382,0.0005589698239344362,10000,low_error_minimal_movement,V8_12P5K_worse,4266,0.0005338191986083984,V8 Full 12.5K minus V8 Full 5K,rmsd,0.0005708573529448585,paired_comparison,SIGNIFICANT_V8_12P5K_worse,59,196
4521,-1.2360810315374136e-07,-5.648006200188109e-07,10000,low_error_minimal_movement,V8_12P5K_better,1292,-1.9591641375882318e-07,V8 Full 12.5K minus V8 Full 5K,target_loss,-3.0641201130626095e-07,paired_comparison,SIGNIFICANT_V8_12P5K_better,59,3170
,,,,natural,,,,Source,accepted,1.0,method_summary,,,
,,,,natural,,,,Source,weighted_bac_delta,0.0,method_summary,,,
,,,,natural,,,,Source,bond_delta,0.0,method_summary,,,
,,,,natural,,,,Source,angle_delta,0.0,method_summary,,,
,,,,natural,,,,Source,active_angle_delta,0.0,method_summary,,,
,,,,natural,,,,Source,clash_delta,0.0,method_summary,,,
,,,,natural,,,,Source,ring_delta,0.0,method_summary,,,
,,,,natural,,,,Source,chirality_preserved,1.0,method_summary,,,
,,,,natural,,,,Source,mean_displacement,0.0,method_summary,,,
,,,,natural,,,,Source,max_atom_displacement,0.0,method_summary,,,
,,,,natural,,,,Source,solver_failure_count,0.0,method_summary,,,
,,,,natural,,,,Source,rmsd,1.3300589782615193,method_summary,,,
,,,,natural,,,,Source,target_loss,7.988441105239729e-06,method_summary,,,
,,,,natural,,,,Source,MAT_P,1.33005897760503,method_summary,,,
,,,,natural,,,,Source,MAT_R,2.0556088357346134,method_summary,,,
,,,,natural,,,,Source,COV_P,0.4911,method_summary,,,
,,,,natural,,,,Source,COV_R,0.1390786778524518,method_summary,,,
,,,,natural,,,,D1,accepted,0.9898,method_summary,,,
,,,,natural,,,,D1,weighted_bac_delta,-0.018951377963894792,method_summary,,,
,,,,natural,,,,D1,bond_delta,-0.007937134182546287,method_summary,,,
,,,,natural,,,,D1,angle_delta,-0.00010625842050649226,method_summary,,,
,,,,natural,,,,D1,active_angle_delta,-0.00010625842050649226,method_summary,,,
,,,,natural,,,,D1,clash_delta,-1.473047541367123e-09,method_summary,,,
,,,,natural,,,,D1,ring_delta,-0.0007166982475668191,method_summary,,,
,,,,natural,,,,D1,chirality_preserved,1.0,method_summary,,,
,,,,natural,,,,D1,mean_displacement,0.00024253870722809552,method_summary,,,
,,,,natural,,,,D1,max_atom_displacement,0.0008179709972406272,method_summary,,,
,,,,natural,,,,D1,solver_failure_count,0.0,method_summary,,,
,,,,natural,,,,D1,rmsd,1.3300683392669075,method_summary,,,
,,,,natural,,,,D1,target_loss,7.795336096234159e-06,method_summary,,,
,,,,natural,,,,D1,COV_P,0.4911,method_summary,,,
,,,,natural,,,,D1,COV_R,0.1390853445187211,method_summary,,,
,,,,natural,,,,D1,MAT_P,1.330068339432031,method_summary,,,
,,,,natural,,,,D1,MAT_R,2.055610364527255,method_summary,,,
,,,,natural,,,,V5-B,accepted,0.9938,method_summary,,,
,,,,natural,,,,V5-B,weighted_bac_delta,-0.025686072838108583,method_summary,,,
,,,,natural,,,,V5-B,bond_delta,-0.007572784332744777,method_summary,,,
,,,,natural,,,,V5-B,angle_delta,-9.022127115167677e-05,method_summary,,,
,,,,natural,,,,V5-B,active_angle_delta,-9.022127115167677e-05,method_summary,,,
,,,,natural,,,,V5-B,clash_delta,-1.009200127555232e-08,method_summary,,,
,,,,natural,,,,V5-B,ring_delta,-0.000681914870813489,method_summary,,,
,,,,natural,,,,V5-B,chirality_preserved,1.0,method_summary,,,
,,,,natural,,,,V5-B,mean_displacement,0.0003446533025980898,method_summary,,,
,,,,natural,,,,V5-B,max_atom_displacement,0.001660998774532709,method_summary,,,
,,,,natural,,,,V5-B,solver_failure_count,0.0,method_summary,,,
,,,,natural,,,,V5-B,rmsd,1.3300734794520772,method_summary,,,
,,,,natural,,,,V5-B,target_loss,7.233158956255458e-06,method_summary,,,
,,,,natural,,,,V5-B,COV_P,0.4911,method_summary,,,
,,,,natural,,,,V5-B,COV_R,0.13907423341423272,method_summary,,,
,,,,natural,,,,V5-B,MAT_P,1.3300734794853255,method_summary,,,
,,,,natural,,,,V5-B,MAT_R,2.0556147361094133,method_summary,,,
,,,,natural,,,,V7,accepted,0.9918,method_summary,,,
,,,,natural,,,,V7,weighted_bac_delta,-0.02069197468861227,method_summary,,,
,,,,natural,,,,V7,bond_delta,-0.007981911092996598,method_summary,,,
,,,,natural,,,,V7,angle_delta,-0.00011846062424592673,method_summary,,,
,,,,natural,,,,V7,active_angle_delta,-0.00011846062424592673,method_summary,,,
,,,,natural,,,,V7,clash_delta,-9.217223669111264e-09,method_summary,,,
,,,,natural,,,,V7,ring_delta,-0.001074258005619049,method_summary,,,
,,,,natural,,,,V7,chirality_preserved,1.0,method_summary,,,
,,,,natural,,,,V7,mean_displacement,0.00028934278179485774,method_summary,,,
,,,,natural,,,,V7,max_atom_displacement,0.0012866910701359302,method_summary,,,
,,,,natural,,,,V7,solver_failure_count,0.0,method_summary,,,
,,,,natural,,,,V7,rmsd,1.3300693884614856,method_summary,,,
,,,,natural,,,,V7,target_loss,7.570626907298395e-06,method_summary,,,
,,,,natural,,,,V7,COV_P,0.4911,method_summary,,,
,,,,natural,,,,V7,COV_R,0.1390853445187211,method_summary,,,
,,,,natural,,,,V7,MAT_P,1.3300693884775043,method_summary,,,
,,,,natural,,,,V7,MAT_R,2.0556111267710104,method_summary,,,
,,,,natural,,,,V8 Full 5K,accepted,0.9849,method_summary,,,
,,,,natural,,,,V8 Full 5K,weighted_bac_delta,-0.18371443990829128,method_summary,,,
,,,,natural,,,,V8 Full 5K,bond_delta,-0.07969852947006002,method_summary,,,
,,,,natural,,,,V8 Full 5K,angle_delta,-0.003652969984151423,method_summary,,,
,,,,natural,,,,V8 Full 5K,active_angle_delta,-0.003652969984151423,method_summary,,,
,,,,natural,,,,V8 Full 5K,clash_delta,-3.7832123780390245e-09,method_summary,,,
,,,,natural,,,,V8 Full 5K,ring_delta,-0.01768349468894303,method_summary,,,
,,,,natural,,,,V8 Full 5K,chirality_preserved,1.0,method_summary,,,
,,,,natural,,,,V8 Full 5K,mean_displacement,0.003852520039229421,method_summary,,,
,,,,natural,,,,V8 Full 5K,max_atom_displacement,0.019761536387831437,method_summary,,,
,,,,natural,,,,V8 Full 5K,solver_failure_count,0.0,method_summary,,,
,,,,natural,,,,V8 Full 5K,rmsd,1.3296199700464495,method_summary,,,
,,,,natural,,,,V8 Full 5K,target_loss,7.993548987217026e-06,method_summary,,,
,,,,natural,,,,V8 Full 5K,COV_P,0.4912,method_summary,,,
,,,,natural,,,,V8 Full 5K,COV_R,0.139275825894624,method_summary,,,
,,,,natural,,,,V8 Full 5K,MAT_P,1.329619970900379,method_summary,,,
,,,,natural,,,,V8 Full 5K,MAT_R,2.0551456119975073,method_summary,,,
,,,,natural,,,,V8 Full 12.5K,accepted,0.9862,method_summary,,,
,,,,natural,,,,V8 Full 12.5K,weighted_bac_delta,-0.20140864992004492,method_summary,,,
,,,,natural,,,,V8 Full 12.5K,bond_delta,-0.09312129611130804,method_summary,,,
,,,,natural,,,,V8 Full 12.5K,angle_delta,-0.004431081375433132,method_summary,,,
,,,,natural,,,,V8 Full 12.5K,active_angle_delta,-0.004431081375433132,method_summary,,,
,,,,natural,,,,V8 Full 12.5K,clash_delta,-3.7915966458967885e-09,method_summary,,,
,,,,natural,,,,V8 Full 12.5K,ring_delta,-0.0198074610857293,method_summary,,,
,,,,natural,,,,V8 Full 12.5K,chirality_preserved,1.0,method_summary,,,
,,,,natural,,,,V8 Full 12.5K,mean_displacement,0.003474440205088467,method_summary,,,
,,,,natural,,,,V8 Full 12.5K,max_atom_displacement,0.020309386284917127,method_summary,,,
,,,,natural,,,,V8 Full 12.5K,solver_failure_count,0.0,method_summary,,,
,,,,natural,,,,V8 Full 12.5K,rmsd,1.3302336929410696,method_summary,,,
,,,,natural,,,,V8 Full 12.5K,target_loss,7.844473811225683e-06,method_summary,,,
,,,,natural,,,,V8 Full 12.5K,COV_P,0.491,method_summary,,,
,,,,natural,,,,V8 Full 12.5K,COV_R,0.13909684718996287,method_summary,,,
,,,,natural,,,,V8 Full 12.5K,MAT_P,1.3302336930859835,method_summary,,,
,,,,natural,,,,V8 Full 12.5K,MAT_R,2.0556155817117543,method_summary,,,
